,score
0,-0.717
1,-0.717
2,-0.717
3,-0.717
4,-0.717
5,-0.717
6,-0.717
7,-0.717
8,-0.717
9,-0.717
10,-0.717
11,-0.717
12,-0.717
13,-0.717
14,-0.717
15,-0.717
16,-0.717
17,-0.717
18,-0.717
19,-0.717
20,-0.717
21,-0.717
22,-0.717
23,-0.717
24,-0.717
25,-0.717
26,-0.717
27,-0.717
28,-0.717
29,-0.717
30,-0.717
31,-0.717
32,-0.717
33,-0.717
34,-0.717
35,-0.717
36,-0.717
37,-0.717
38,-0.717
39,-0.717
40,-0.717
41,-0.717
42,-0.717
43,-0.717
44,-0.717
45,-0.717
46,-0.717
47,-0.717
48,-0.717
49,-0.717
50,-0.717
51,-0.717
52,-0.717
53,-0.717
54,-0.717
55,-0.717
56,-0.717
57,-0.717
58,-0.717
59,-0.717
60,-0.717
61,-0.717
62,-0.717
63,-0.717
64,-0.717
65,-0.717
66,-0.717
67,-0.717
68,-0.717
69,-0.717
70,-0.717
71,-0.717
72,-0.717
73,-0.717
74,-0.717
75,-0.717
76,-0.717
77,-0.717
78,-0.717
79,-0.717
80,-0.717
81,-0.717
82,-0.717
83,-0.717
84,-0.717
85,-0.717
86,-0.717
87,-0.717
88,-0.717
89,-0.717
90,-0.717
91,-0.717
92,-0.717
93,-0.717
94,-0.717
95,-0.717
96,-0.717
97,-0.717
98,-0.717
99,-0.717
100,-0.717
101,-0.717
102,-0.717
103,-0.717
104,-0.717
105,-0.717
106,-0.717
107,-0.717
108,-0.717
109,-0.717
110,-0.717
111,-0.717
112,-0.717
113,-0.717
114,-0.717
115,-0.717
116,-0.717
117,-0.717
118,-0.717
119,-0.717
120,-0.717
121,-0.717
122,-0.717
123,-0.717
124,-0.717
125,-0.717
126,-0.717
127,-0.717
128,-0.717
129,-0.717
130,-0.717
131,-0.717
132,-0.717
133,-0.717
134,-0.717
135,-0.717
136,-0.717
137,-0.717
138,-0.717
139,-0.717
140,-0.717
141,-0.717
142,-0.717
143,-0.717
144,-0.717
145,-0.717
146,-0.717
147,-0.717
148,-0.717
149,-0.717
150,-0.717
151,-0.717
152,-0.717
153,-0.717
154,-0.717
155,-0.717
156,-0.717
157,-0.717
158,-0.717
159,-0.717
160,-0.717
161,-0.717
162,-0.717
163,-0.717
164,-0.717
165,-0.717
166,-0.717
167,-0.717
168,-0.717
169,-0.717
170,-0.717
171,-0.717
172,-0.717
173,-0.717
174,-0.717
175,-0.717
176,-0.717
177,-0.717
178,-0.717
179,-0.717
180,-0.717
181,-0.717
182,-0.717
183,-0.717
184,-0.717
185,-0.717
186,-0.717
187,-0.717
188,-0.717
189,-0.717
190,-0.717
191,-0.717
192,-0.717
193,-0.717
194,-0.717
195,-0.717
196,-0.717
197,-0.717
198,-0.717
199,-0.717
200,-0.717
201,-0.717
202,-0.717
203,-0.717
204,-0.717
205,-0.717
206,-0.717
207,-0.717
208,-0.717
209,-0.717
210,-0.717
211,-0.717
212,-0.717
213,-0.717
214,-0.717
215,-0.717
216,-0.717
217,-0.717
218,-0.717
219,-0.717
220,-0.717
221,-0.717
222,-0.717
223,-0.717
224,-0.717
225,-0.717
226,-0.717
227,-0.717
228,-0.717
229,-0.717
230,-0.717
231,-0.717
232,-0.717
233,-0.717
234,-0.717
235,-0.717
236,-0.717
237,-0.717
238,-0.717
239,-0.717
240,-0.717
241,-0.717
242,-0.717
243,-0.717
244,-0.717
245,-0.717
246,-0.717
247,-0.717
248,-0.717
249,-0.717
250,-0.717
251,-0.717
252,-0.717
253,-0.717
254,-0.717
255,-0.717
256,-0.717
257,-0.717
258,-0.717
259,-0.717
260,-0.717
261,-0.717
262,-0.717
263,-0.717
264,-0.717
265,-0.717
266,-0.717
267,-0.717
268,-0.717
269,-0.717
270,-0.717
271,-0.717
272,-0.717
273,-0.717
274,-0.391
275,-0.391
276,-0.391
277,-0.391
278,-0.391
279,-0.391
280,-0.391
281,-0.391
282,-0.391
283,-0.391
284,-0.391
285,-0.391
286,-0.391
287,-0.391
288,-0.391
289,-0.391
290,-0.391
291,-0.391
292,-0.391
293,-0.391
294,-0.391
295,-0.391
296,-0.391
297,-0.391
298,-0.391
299,-0.391
300,-0.391
301,-0.391
302,-0.391
303,-0.391
304,-0.391
305,-0.391
306,-0.391
307,-0.391
308,-0.391
309,-0.391
310,-0.391
311,-0.391
312,-0.391
313,-0.391
314,-0.391
315,-0.391
316,-0.391
317,-0.391
318,-0.391
319,-0.391
320,-0.391
321,-0.391
322,-0.391
323,-0.391
324,-0.391
325,-0.391
326,-0.391
327,-0.391
328,-0.391
329,-0.391
330,-0.391
331,-0.391
332,-0.391
333,-0.391
334,-0.391
335,-0.391
336,-0.391
337,-0.391
338,-0.391
339,-0.391
340,-0.391
341,-0.391
342,-0.391
343,-0.391
344,-0.391
345,-0.391
346,-0.391
347,-0.391
348,-0.391
349,-0.391
350,-0.391
351,-0.391
352,-0.391
353,-0.391
354,-0.391
355,-0.391
356,-0.391
357,-0.391
358,-0.391
359,-0.391
360,-0.391
361,-0.391
362,-0.391
363,-0.391
364,-0.391
365,-0.391
366,-0.391
367,-0.391
368,-0.391
369,-0.391
370,-0.391
371,-0.391
372,-0.391
373,-0.391
374,-0.391
375,-0.391
376,-0.391
377,-0.391
378,-0.391
379,-0.391
380,-0.391
381,-0.391
382,-0.391
383,-0.391
384,-0.391
385,-0.391
386,-0.391
387,-0.391
388,-0.391
389,-0.391
390,-0.391
391,-0.391
392,-0.391
393,-0.391
394,-0.391
395,-0.391
396,-0.391
397,-0.391
398,-0.391
399,-0.391
400,-0.391
401,-0.391
402,-0.391
403,-0.391
404,-0.391
405,-0.391
406,-0.391
407,-0.391
408,-0.391
409,-0.391
410,-0.391
411,-0.391
412,-0.391
413,-0.391
414,-0.391
415,-0.391
416,-0.391
417,-0.391
418,-0.391
419,-0.391
420,-0.391
421,-0.391
422,-0.391
423,-0.391
424,-0.391
425,-0.391
426,-0.391
427,-0.391
428,-0.391
429,-0.391
430,-0.391
431,-0.391
432,-0.391
433,-0.391
434,-0.391
435,-0.391
436,-0.391
437,-0.391
438,-0.391
439,-0.391
440,-0.391
441,-0.391
442,-0.391
443,-0.391
444,-0.391
445,-0.391
446,-0.391
447,-0.391
448,-0.391
449,-0.391
450,-0.391
451,-0.391
452,-0.391
453,-0.391
454,-0.391
455,-0.391
456,-0.391
457,-0.391
458,-0.391
459,-0.391
460,-0.391
461,-0.391
462,-0.391
463,-0.391
464,-0.391
465,-0.391
466,-0.391
467,-0.391
468,-0.391
469,-0.391
470,-0.391
471,-0.391
472,-0.391
473,-0.391
474,-0.391
475,-0.391
476,-0.391
477,-0.391
478,-0.391
479,-0.391
480,-0.391
481,-0.391
482,-0.391
483,-0.391
484,-0.391
485,-0.391
486,-0.391
487,-0.391
488,-0.391
489,-0.391
490,-0.391
491,-0.391
492,-0.391
493,-0.391
494,-0.391
495,-0.391
496,-0.391
497,-0.391
498,-0.391
499,-0.391
500,-0.391
501,-0.391
502,-0.391
503,-0.391
504,-0.391
505,-0.391
506,-0.391
507,-0.391
508,-0.391
509,-0.391
510,-0.391
511,-0.391
512,-0.391
513,-0.391
514,-0.391
515,-0.391
516,-0.391
517,-0.391
518,-0.391
519,-0.391
520,-0.391
521,-0.391
522,-0.391
523,-0.391
524,-0.391
525,-0.391
526,-0.391
527,-0.391
528,-0.391
529,-0.391
530,-0.391
531,-0.391
532,-0.391
533,-0.391
534,-0.391
535,-0.391
536,-0.391
537,-0.391
538,-0.391
539,-0.391
540,-0.391
541,-0.391
542,-0.391
543,-0.391
544,-0.391
545,-0.391
546,-0.391
547,-0.391
548,-0.391
549,-0.391
550,-0.391
551,-0.391
552,-0.391
553,-0.391
554,-0.391
555,-0.391
556,-0.391
557,-0.391
558,-0.391
559,-0.391
560,-0.391
561,-0.391
562,-0.391
563,-0.391
564,-0.391
565,-0.391
566,-0.391
567,-0.391
568,-0.391
569,-0.391
570,-0.391
571,-0.391
572,-0.391
573,-0.391
574,-0.391
575,-0.391
576,-0.391
577,-0.391
578,-0.391
579,-0.391
580,-0.391
581,-0.391
582,-0.391
583,-0.391
584,-0.391
585,-0.391
586,-0.391
587,-0.391
588,-0.391
589,-0.391
590,-0.391
591,-0.391
592,-0.391
593,-0.391
594,-0.391
595,-0.391
596,-0.391
597,-0.391
598,-0.391
599,-0.391
600,-0.391
601,-0.391
602,-0.391
603,-0.391
604,-0.391
605,-0.391
606,-0.391
607,-0.391
608,-0.391
609,-0.391
610,-0.391
611,-0.391
612,-0.391
613,-0.391
614,-0.391
615,-0.391
616,-0.391
617,-0.391
618,-0.391
619,-0.391
620,-0.391
621,-0.391
622,-0.391
623,-0.391
624,-0.391
625,-0.391
626,-0.391
627,-0.391
628,-0.391
629,-0.391
630,-0.391
631,-0.391
632,-0.391
633,-0.391
634,-0.391
635,-0.391
636,-0.391
637,-0.391
638,-0.391
639,-0.391
640,-0.391
641,-0.391
642,-0.391
643,-0.391
644,-0.391
645,-0.391
646,-0.391
647,-0.391
648,-0.391
649,-0.391
650,-0.391
651,-0.391
652,-0.391
653,-0.391
654,-0.391
655,-0.391
656,-0.391
657,-0.391
658,-0.391
659,-0.391
660,-0.391
661,-0.391
662,-0.391
663,-0.391
664,-0.391
665,-0.391
666,-0.391
667,-0.391
668,-0.391
669,-0.391
670,-0.391
671,-0.391
672,-0.391
673,-0.391
674,-0.391
675,-0.391
676,-0.391
677,-0.391
678,-0.391
679,-0.391
680,-0.391
681,-0.391
682,-0.391
683,-0.391
684,-0.391
685,-0.391
686,-0.391
687,-0.391
688,-0.391
689,-0.391
690,-0.391
691,-0.391
692,-0.391
693,-0.391
694,-0.391
695,-0.391
696,-0.391
697,-0.391
698,-0.391
699,-0.391
700,-0.391
701,-0.391
702,-0.391
703,-0.391
704,-0.391
705,-0.391
706,-0.391
707,-0.391
708,-0.391
709,-0.391
710,-0.391
711,-0.391
712,-0.391
713,-0.391
714,-0.391
715,-0.391
716,-0.391
717,-0.391
718,-0.391
719,-0.391
720,-0.391
721,-0.391
722,-0.391
723,-0.391
724,-0.391
725,-0.391
726,-0.391
727,-0.391
728,-0.391
729,-0.391
730,-0.391
731,-0.391
732,-0.391
733,-0.391
734,-0.391
735,-0.391
736,-0.391
737,-0.391
738,-0.391
739,-0.391
740,-0.391
741,-0.391
742,-0.391
743,-0.391
744,-0.391
745,-0.391
746,-0.391
747,-0.391
748,-0.391
749,-0.391
750,-0.391
751,-0.391
752,-0.391
753,-0.391
754,-0.391
755,-0.391
756,-0.391
757,-0.391
758,-0.391
759,-0.391
760,-0.391
761,-0.391
762,-0.391
763,-0.391
764,-0.391
765,-0.391
766,-0.391
767,-0.391
768,-0.391
769,-0.391
770,-0.391
771,-0.391
772,-0.391
773,-0.391
774,-0.391
775,-0.391
776,-0.391
777,-0.391
778,-0.391
779,-0.391
780,-0.391
781,-0.391
782,-0.391
783,-0.391
784,-0.391
785,-0.391
786,-0.391
787,-0.391
788,-0.391
789,-0.391
790,-0.391
791,-0.391
792,-0.391
793,-0.391
794,-0.391
795,-0.391
796,-0.391
797,-0.391
798,-0.391
799,-0.391
800,-0.391
801,-0.391
802,-0.391
803,-0.391
804,-0.391
805,-0.391
806,-0.391
807,-0.391
808,-0.391
809,-0.391
810,-0.391
811,-0.391
812,-0.391
813,-0.391
814,-0.391
815,-0.391
816,-0.391
817,-0.391
818,-0.391
819,-0.391
820,-0.391
821,-0.391
822,-0.391
823,-0.391
824,-0.391
825,-0.391
826,-0.391
827,-0.391
828,-0.391
829,-0.391
830,-0.391
831,-0.391
832,-0.391
833,-0.391
834,-0.391
835,-0.391
836,-0.391
837,-0.391
838,-0.391
839,-0.391
840,-0.391
841,-0.391
842,-0.391
843,-0.391
844,-0.391
845,-0.391
846,-0.391
847,-0.391
848,-0.391
849,-0.391
850,-0.391
851,-0.391
852,-0.391
853,-0.391
854,-0.391
855,-0.391
856,-0.391
857,-0.391
858,-0.391
859,-0.391
860,-0.391
861,-0.391
862,-0.391
863,-0.391
864,-0.391
865,-0.391
866,-0.391
867,-0.391
868,-0.391
869,-0.391
870,-0.391
871,-0.391
872,-0.391
873,-0.391
874,-0.391
875,-0.391
876,-0.391
877,-0.391
878,-0.391
879,-0.391
880,-0.391
881,-0.391
882,-0.391
883,-0.391
884,-0.391
885,-0.391
886,-0.391
887,-0.391
888,-0.391
889,-0.391
890,-0.391
891,-0.391
892,-0.391
893,-0.391
894,-0.391
895,-0.391
896,-0.391
897,-0.391
898,-0.391
899,-0.391
900,-0.391
901,-0.391
902,-0.391
903,-0.391
904,-0.391
905,-0.391
906,-0.391
907,-0.391
908,-0.391
909,-0.391
910,-0.391
911,-0.391
912,-0.391
913,-0.391
914,-0.391
915,-0.391
916,-0.391
917,-0.391
918,-0.391
919,-0.391
920,-0.391
921,-0.391
922,-0.391
923,-0.391
924,-0.391
925,-0.391
926,-0.391
927,-0.391
928,-0.391
929,-0.391
930,-0.391
931,-0.391
932,-0.391
933,-0.391
934,-0.391
935,-0.391
936,-0.391
937,-0.391
938,-0.391
939,-0.391
940,-0.391
941,-0.391
942,-0.391
943,-0.391
944,-0.391
945,-0.391
946,-0.391
947,-0.391
948,-0.391
949,-0.391
950,-0.391
951,-0.391
952,-0.391
953,-0.391
954,-0.391
955,-0.391
956,-0.391
957,-0.391
958,-0.391
959,-0.391
960,-0.391
961,-0.391
962,-0.391
963,-0.391
964,-0.391
965,-0.391
966,-0.391
967,-0.391
968,-0.391
969,-0.391
970,-0.391
971,-0.391
972,-0.391
973,-0.391
974,-0.391
975,-0.391
976,-0.391
977,-0.391
978,-0.391
979,-0.391
980,-0.391
981,-0.391
982,-0.391
983,-0.277
984,-0.277
985,-0.277
986,-0.277
987,-0.277
988,-0.277
989,-0.277
990,-0.277
991,-0.277
992,-0.277
993,-0.277
994,-0.277
995,-0.277
996,-0.277
997,-0.277
998,-0.277
999,-0.277
1000,-0.277
1001,-0.277
1002,-0.277
1003,-0.277
1004,-0.277
1005,-0.277
1006,-0.277
1007,-0.277
1008,-0.277
1009,-0.277
1010,-0.277
1011,-0.277
1012,-0.277
1013,-0.277
1014,-0.277
1015,-0.277
1016,-0.277
1017,-0.277
1018,-0.277
1019,-0.277
1020,-0.277
1021,-0.277
1022,-0.277
1023,-0.277
1024,-0.277
1025,-0.277
1026,-0.277
1027,-0.277
1028,-0.277
1029,-0.277
1030,-0.277
1031,-0.277
1032,-0.277
1033,-0.277
1034,-0.277
1035,-0.277
1036,-0.277
1037,-0.277
1038,-0.277
1039,-0.277
1040,-0.277
1041,-0.277
1042,-0.277
1043,-0.277
1044,-0.277
1045,-0.277
1046,-0.277
1047,-0.277
1048,-0.277
1049,-0.277
1050,-0.277
1051,-0.277
1052,-0.277
1053,-0.277
1054,-0.277
1055,-0.277
1056,-0.277
1057,-0.277
1058,-0.277
1059,-0.277
1060,-0.277
1061,-0.277
1062,-0.277
1063,-0.277
1064,-0.277
1065,-0.277
1066,-0.277
1067,-0.277
1068,-0.277
1069,-0.277
1070,-0.277
1071,-0.277
1072,-0.277
1073,-0.277
1074,-0.277
1075,-0.277
1076,-0.277
1077,-0.277
1078,-0.277
1079,-0.277
1080,-0.277
1081,-0.277
1082,-0.277
1083,-0.277
1084,-0.277
1085,-0.277
1086,-0.277
1087,-0.277
1088,-0.277
1089,-0.277
1090,-0.277
1091,-0.277
1092,-0.277
1093,-0.277
1094,-0.277
1095,-0.277
1096,-0.277
1097,-0.277
1098,-0.277
1099,-0.277
1100,-0.277
1101,-0.277
1102,-0.277
1103,-0.277
1104,-0.277
1105,-0.277
1106,-0.277
1107,-0.277
1108,-0.277
1109,-0.277
1110,-0.277
1111,-0.277
1112,-0.277
1113,-0.277
1114,-0.277
1115,-0.277
1116,-0.277
1117,-0.277
1118,-0.277
1119,-0.277
1120,-0.277
1121,-0.277
1122,-0.277
1123,-0.277
1124,-0.277
1125,-0.277
1126,-0.277
1127,-0.277
1128,-0.277
1129,-0.277
1130,-0.277
1131,-0.277
1132,-0.277
1133,-0.277
1134,-0.277
1135,-0.277
1136,-0.277
1137,-0.277
1138,-0.277
1139,-0.277
1140,-0.277
1141,-0.277
1142,-0.277
1143,-0.277
1144,-0.277
1145,-0.277
1146,-0.277
1147,-0.277
1148,-0.277
1149,-0.277
1150,-0.277
1151,-0.277
1152,-0.277
1153,-0.277
1154,-0.277
1155,-0.277
1156,-0.277
1157,-0.277
1158,-0.277
1159,-0.277
1160,-0.277
1161,-0.277
1162,-0.277
1163,-0.277
1164,-0.277
1165,-0.277
1166,-0.277
1167,-0.277
1168,-0.277
1169,-0.277
1170,-0.277
1171,-0.277
1172,-0.277
1173,-0.277
1174,-0.277
1175,-0.277
1176,-0.277
1177,-0.277
1178,-0.277
1179,-0.277
1180,-0.277
1181,-0.277
1182,-0.277
1183,-0.277
1184,-0.277
1185,-0.277
1186,-0.277
1187,-0.277
1188,-0.277
1189,-0.277
1190,-0.277
1191,-0.277
1192,-0.277
1193,-0.277
1194,-0.277
1195,-0.277
1196,-0.277
1197,-0.277
1198,-0.277
1199,-0.277
1200,-0.277
1201,-0.277
1202,-0.277
1203,-0.277
1204,-0.277
1205,-0.277
1206,-0.277
1207,-0.277
1208,-0.277
1209,-0.277
1210,-0.277
1211,-0.277
1212,-0.277
1213,-0.277
1214,-0.277
1215,-0.277
1216,-0.277
1217,-0.277
1218,-0.277
1219,-0.277
1220,-0.277
1221,-0.277
1222,-0.277
1223,-0.277
1224,-0.277
1225,-0.277
1226,-0.277
1227,-0.277
1228,-0.277
1229,-0.277
1230,-0.277
1231,-0.277
1232,-0.277
1233,-0.277
1234,-0.277
1235,-0.277
1236,-0.277
1237,-0.277
1238,-0.277
1239,-0.277
1240,-0.277
1241,-0.277
1242,-0.277
1243,-0.277
1244,-0.277
1245,-0.277
1246,-0.277
1247,-0.277
1248,-0.277
1249,-0.277
1250,-0.277
1251,-0.277
1252,-0.277
1253,-0.277
1254,-0.277
1255,-0.277
1256,-0.277
1257,-0.277
1258,-0.277
1259,-0.277
1260,-0.277
1261,-0.277
1262,-0.277
1263,-0.277
1264,-0.277
1265,-0.277
1266,-0.277
1267,-0.277
1268,-0.277
1269,-0.277
1270,-0.277
1271,-0.277
1272,-0.277
1273,-0.277
1274,-0.277
1275,-0.277
1276,-0.277
1277,-0.277
1278,-0.277
1279,-0.277
1280,-0.277
1281,-0.277
1282,-0.277
1283,-0.277
1284,-0.277
1285,-0.277
1286,-0.277
1287,-0.277
1288,-0.277
1289,-0.277
1290,-0.277
1291,-0.277
1292,-0.277
1293,-0.277
1294,-0.277
1295,-0.277
1296,-0.277
1297,-0.277
1298,-0.277
1299,-0.277
1300,-0.277
1301,-0.277
1302,-0.277
1303,-0.277
1304,-0.277
1305,-0.277
1306,-0.277
1307,-0.277
1308,-0.277
1309,-0.277
1310,-0.277
1311,-0.277
1312,-0.277
1313,-0.277
1314,-0.277
1315,-0.277
1316,-0.277
1317,-0.277
1318,-0.277
1319,-0.277
1320,-0.277
1321,-0.277
1322,-0.277
1323,-0.277
1324,-0.277
1325,-0.277
1326,-0.277
1327,-0.277
1328,-0.277
1329,-0.277
1330,-0.277
1331,-0.277
1332,-0.277
1333,-0.277
1334,-0.277
1335,-0.277
1336,-0.277
1337,-0.277
1338,-0.277
1339,-0.277
1340,-0.277
1341,0.382
1342,0.382
1343,0.382
1344,0.382
1345,0.382
1346,0.382
1347,0.382
1348,0.382
1349,0.382
1350,0.382
1351,0.382
1352,0.382
1353,0.382
1354,0.382
1355,0.382
1356,0.382
1357,0.382
1358,0.382
1359,0.382
1360,0.382
1361,0.382
1362,0.382
1363,0.382
1364,0.382
1365,0.382
1366,0.382
1367,0.382
1368,0.382
1369,0.382
1370,0.382
1371,0.382
1372,0.382
1373,0.382
1374,0.382
1375,0.382
1376,0.382
1377,0.382
1378,0.382
1379,0.382
1380,0.382
1381,0.382
1382,0.382
1383,0.382
1384,0.382
1385,0.382
1386,0.382
1387,0.382
1388,0.382
1389,0.382
1390,0.382
1391,0.382
1392,0.382
1393,0.382
1394,0.382
1395,0.382
1396,0.382
1397,0.382
1398,0.382
1399,0.382
1400,0.382
1401,0.382
1402,0.382
1403,0.382
1404,0.382
1405,0.382
1406,0.382
1407,0.382
1408,0.382
1409,0.382
1410,0.382
1411,0.382
1412,0.382
1413,0.382
1414,0.382
1415,0.382
1416,0.382
1417,0.382
1418,0.382
1419,0.382
1420,0.382
1421,0.382
1422,0.382
1423,0.382
1424,0.382
1425,0.382
1426,0.382
1427,0.382
1428,0.382
1429,0.382
1430,0.382
1431,0.382
1432,0.382
1433,0.382
1434,0.382
1435,0.382
1436,0.382
1437,0.382
1438,0.382
1439,0.382
1440,0.382
1441,0.382
1442,0.382
1443,0.382
1444,0.382
1445,0.382
1446,0.382
1447,0.382
1448,0.382
1449,0.382
1450,0.382
1451,0.382
1452,0.382
1453,0.382
1454,0.382
1455,0.382
1456,0.382
1457,0.382
1458,0.382
1459,0.382
1460,0.382
1461,0.382
1462,0.382
1463,0.382
1464,0.382
1465,0.382
1466,0.382
1467,0.382
1468,0.382
1469,0.382
1470,0.382
1471,0.382
1472,0.382
1473,0.382
1474,0.382
1475,0.382
1476,0.382
1477,0.382
1478,0.382
1479,0.382
1480,0.382
1481,0.382
1482,0.382
1483,0.382
1484,0.382
1485,0.382
1486,0.382
1487,0.382
1488,0.382
1489,0.382
1490,0.382
1491,0.382
1492,0.382
1493,0.382
1494,0.382
1495,0.382
1496,0.382
1497,0.382
1498,0.382
1499,0.382
1500,0.382
1501,0.382
1502,0.382
1503,0.382
1504,0.382
1505,0.382
1506,0.382
1507,0.382
1508,0.382
1509,0.382
1510,0.382
1511,0.382
1512,0.382
1513,0.382
1514,0.382
1515,0.382
1516,0.382
1517,0.382
1518,0.382
1519,0.382
1520,0.382
1521,0.382
1522,0.382
1523,0.382
1524,0.382
1525,0.382
1526,0.382
1527,0.382
1528,0.382
1529,0.382
1530,0.382
1531,0.382
1532,0.382
1533,0.382
1534,0.382
1535,0.382
1536,0.382
1537,0.382
1538,0.382
1539,0.382
1540,0.382
1541,0.382
1542,0.382
1543,0.382
1544,0.382
1545,0.382
1546,0.382
1547,0.382
1548,0.382
1549,0.382
1550,0.382
1551,0.382
1552,0.382
1553,0.382
1554,0.382
1555,0.382
1556,0.382
1557,0.382
1558,0.382
1559,0.382
1560,0.382
1561,0.382
1562,0.382
1563,0.382
1564,0.382
1565,0.382
1566,0.382
1567,0.382
1568,0.382
1569,0.382
1570,0.382
1571,0.382
1572,0.382
1573,0.382
1574,0.382
1575,0.382
1576,0.382
1577,0.382
1578,0.382
1579,0.382
1580,0.382
1581,0.382
1582,0.382
1583,0.382
1584,0.382
1585,0.382
1586,0.382
1587,0.382
1588,0.382
1589,0.382
1590,0.382
1591,0.382
1592,0.382
1593,0.382
1594,0.382
1595,0.382
1596,0.382
1597,0.382
1598,0.382
1599,0.382
1600,0.382
1601,0.382
1602,0.382
1603,0.382
1604,0.382
1605,0.382
1606,0.382
1607,0.382
1608,0.382
1609,0.382
1610,0.382
1611,0.382
1612,0.382
1613,0.382
1614,0.382
1615,0.382
1616,0.382
1617,0.382
1618,0.382
1619,0.382
1620,0.382
1621,0.382
1622,0.382
1623,0.382
1624,0.382
1625,0.382
1626,0.382
1627,0.382
1628,0.382
1629,0.382
1630,0.382
1631,0.382
1632,0.382
1633,0.382
1634,0.427
1635,0.427
1636,0.427
1637,0.427
1638,0.427
1639,0.427
1640,0.427
1641,0.427
1642,0.427
1643,0.427
1644,0.427
1645,0.427
1646,0.427
1647,0.427
1648,0.427
1649,0.427
1650,0.427
1651,0.427
1652,0.427
1653,0.427
1654,0.427
1655,0.427
1656,0.427
1657,0.427
1658,0.427
1659,0.427
1660,0.427
1661,0.427
1662,0.427
1663,0.427
1664,0.427
1665,0.427
1666,0.427
1667,0.427
1668,0.427
1669,0.427
1670,0.427
1671,0.427
1672,0.427
1673,0.427
1674,0.427
1675,0.427
1676,0.427
1677,0.427
1678,0.427
1679,0.427
1680,0.427
1681,0.427
1682,0.427
1683,0.427
1684,0.427
1685,0.427
1686,0.427
1687,0.427
1688,0.427
1689,0.427
1690,0.427
1691,0.427
1692,0.427
1693,0.427
1694,0.427
1695,0.427
1696,0.427
1697,0.427
1698,0.427
1699,0.427
1700,0.427
1701,0.427
1702,0.427
1703,0.427
1704,0.427
1705,0.427
1706,0.427
1707,0.427
1708,0.427
1709,0.427
1710,0.427
1711,0.427
1712,0.427
1713,0.427
1714,0.427
1715,0.427
1716,0.427
1717,0.427
1718,0.427
1719,0.427
1720,0.427
1721,0.427
1722,0.427
1723,0.427
1724,0.427
1725,0.427
1726,0.427
1727,0.427
1728,0.427
1729,0.427
1730,0.427
1731,0.427
1732,0.427
1733,0.427
1734,0.427
1735,0.427
1736,0.427
1737,0.427
1738,0.427
1739,0.427
1740,0.427
1741,0.427
1742,0.427
1743,0.427
1744,0.427
1745,0.427
1746,0.427
1747,0.427
1748,0.427
1749,0.427
1750,0.427
1751,0.427
1752,0.427
1753,0.427
1754,0.427
1755,0.427
1756,0.427
1757,0.427
1758,0.427
1759,0.427
1760,0.427
1761,0.427
1762,0.427
1763,0.427
1764,0.427
1765,0.427
1766,0.427
1767,0.427
1768,0.427
1769,0.427
1770,0.427
1771,0.427
1772,0.427
1773,0.427
1774,0.427
1775,0.427
1776,0.427
1777,0.427
1778,0.427
1779,0.427
1780,0.427
1781,0.427
1782,0.427
1783,0.427
1784,0.427
1785,0.427
1786,0.427
1787,0.427
1788,0.427
1789,0.427
1790,0.427
1791,0.427
1792,0.427
1793,0.427
1794,0.427
1795,0.427
1796,0.427
1797,0.427
1798,0.427
1799,0.427
1800,0.427
1801,0.427
1802,0.427
1803,0.427
1804,0.427
1805,0.427
1806,0.427
1807,0.427
1808,0.427
1809,0.427
1810,0.427
1811,0.427
1812,0.427
1813,0.427
1814,0.427
1815,0.427
1816,0.427
1817,0.427
1818,0.427
1819,0.427
1820,0.427
1821,0.427
1822,0.427
1823,0.427
1824,0.427
1825,0.427
1826,0.427
1827,0.427
1828,0.427
1829,0.427
1830,0.427
1831,0.427
1832,0.427
1833,0.427
1834,0.427
1835,0.427
1836,0.427
1837,0.427
1838,0.427
1839,0.427
1840,0.427
1841,0.427
1842,0.427
1843,0.427
1844,0.427
1845,0.427
1846,0.427
1847,0.427
1848,0.427
1849,0.427
1850,0.427
1851,0.427
1852,0.427
1853,0.427
1854,0.427
1855,0.427
1856,0.427
1857,0.427
1858,0.427
1859,0.427
1860,0.427
1861,0.427
1862,0.427
1863,0.427
1864,0.427
1865,0.427
1866,0.427
1867,0.427
1868,0.427
1869,0.427
1870,0.427
1871,0.427
1872,0.427
1873,0.427
1874,0.427
1875,0.427
1876,0.427
1877,0.427
1878,0.427
1879,0.427
1880,0.427
1881,0.427
1882,0.427
1883,0.427
1884,0.427
1885,0.427
1886,0.427
1887,0.427
1888,0.427
1889,0.427
1890,0.427
1891,0.427
1892,0.427
1893,0.427
1894,0.427
1895,0.427
1896,0.427
1897,0.427
1898,0.427
1899,0.427
1900,0.427
1901,0.427
1902,0.427
1903,0.427
1904,0.427
1905,0.427
1906,0.427
1907,0.427
1908,0.427
1909,0.427
1910,0.427
1911,0.427
1912,0.427
1913,0.427
1914,0.427
1915,0.427
1916,0.427
1917,0.427
1918,0.427
1919,0.427
1920,0.427
1921,0.427
1922,0.427
1923,0.427
1924,0.427
1925,0.427
1926,0.427
1927,0.427
1928,0.427
1929,0.427
1930,0.427
1931,0.427
1932,0.427
1933,0.427
1934,0.427
1935,0.427
1936,0.427
1937,0.427
1938,0.427
1939,0.427
1940,0.427
1941,0.427
1942,0.427
1943,0.427
1944,0.427
1945,0.427
1946,0.427
1947,0.427
1948,0.427
1949,0.427
1950,0.427
1951,0.427
1952,0.427
1953,0.427
1954,0.427
1955,0.427
1956,0.427
1957,0.427
1958,0.427
1959,0.427
1960,0.427
1961,0.427
1962,0.427
1963,0.427
1964,0.427
1965,0.427
1966,0.427
1967,0.427
1968,0.427
1969,0.427
1970,0.427
1971,0.427
1972,0.427
1973,0.427
1974,0.427
1975,0.427
1976,0.427
1977,0.427
1978,0.427
1979,0.427
1980,0.427
1981,0.427
1982,0.427
1983,0.427
1984,0.427
1985,0.427
1986,0.427
1987,0.427
1988,0.427
1989,0.427
1990,0.427
1991,0.427
1992,0.427
1993,0.427
1994,0.427
1995,0.427
1996,0.427
1997,0.427
1998,0.427
1999,0.427
2000,0.427
2001,0.427
2002,0.427
2003,0.427
2004,0.427
2005,0.427
2006,0.427
2007,0.427
2008,0.427
2009,0.427
2010,0.427
2011,0.427
2012,0.427
2013,0.427
2014,0.427
2015,0.427
2016,0.427
2017,0.427
2018,0.427
2019,0.427
2020,0.427
2021,0.427
2022,0.427
2023,0.427
2024,0.427
2025,0.427
2026,0.427
2027,0.427
2028,0.427
2029,0.427
2030,0.427
2031,0.427
2032,0.427
2033,0.427
2034,0.427
2035,0.427
2036,0.427
2037,0.427
2038,0.427
2039,0.427
2040,0.427
2041,0.427
2042,0.427
2043,0.427
2044,0.427
2045,0.427
2046,0.427
2047,0.427
2048,0.427
2049,0.427
2050,0.427
2051,0.427
2052,0.427
2053,0.427
2054,0.427
2055,0.427
2056,0.427
2057,0.427
2058,0.427
2059,0.427
2060,0.427
2061,0.427
2062,0.427
2063,0.427
2064,0.427
2065,0.427
2066,0.427
2067,0.427
2068,0.427
2069,0.427
2070,0.427
2071,0.427
2072,0.427
2073,0.427
2074,0.427
2075,0.427
2076,0.427
2077,0.427
2078,0.427
2079,0.427
2080,0.427
2081,0.427
2082,0.427
2083,0.427
2084,0.427
2085,0.427
2086,0.427
2087,0.427
2088,0.427
2089,0.427
2090,0.427
2091,0.427
2092,0.427
2093,0.427
2094,0.427
2095,0.427
2096,0.427
2097,0.427
2098,0.427
2099,0.427
2100,0.427
2101,0.427
2102,0.427
2103,0.427
2104,0.427
2105,0.427
2106,0.427
2107,0.427
2108,0.427
2109,0.427
2110,0.427
2111,0.427
2112,0.427
2113,0.427
2114,0.427
2115,0.427
2116,0.427
2117,0.427
2118,0.427
2119,0.427
2120,0.427
2121,0.427
2122,0.427
2123,0.427
2124,0.427
2125,0.427
2126,0.427
2127,0.427
2128,0.427
2129,0.427
2130,0.427
2131,0.427
2132,0.427
2133,0.427
2134,0.427
2135,0.427
2136,0.427
2137,0.427
2138,0.427
2139,0.427
2140,0.427
2141,0.427
2142,0.427
2143,0.427
2144,0.427
2145,0.427
2146,0.427
2147,0.427
2148,0.427
2149,0.427
2150,0.427
2151,0.427
2152,0.427
2153,0.427
2154,0.427
2155,0.427
2156,0.427
2157,0.427
2158,0.427
2159,0.427
2160,0.427
2161,0.427
2162,0.427
2163,0.427
2164,0.427
2165,0.427
2166,0.427
2167,0.427
2168,0.427
2169,0.427
2170,0.427
2171,0.427
2172,0.427
2173,0.427
2174,0.427
2175,0.427
2176,0.427
2177,0.427
2178,0.427
2179,0.427
2180,0.427
2181,0.427
2182,0.427
2183,0.427
2184,0.427
2185,0.427
2186,0.427
2187,0.427
2188,0.427
2189,0.427
2190,0.427
2191,0.427
2192,0.427
2193,0.427
2194,0.427
2195,0.427
2196,0.427
2197,0.427
2198,0.427
2199,0.427
2200,0.427
2201,0.427
2202,0.427
2203,0.427
2204,0.427
2205,0.427
2206,0.427
2207,0.427
2208,0.427
2209,0.427
2210,0.427
2211,0.427
2212,0.427
2213,0.427
2214,0.427
2215,0.427
2216,0.427
2217,0.427
2218,0.427
2219,0.427
2220,0.427
2221,0.427
2222,0.427
2223,0.427
2224,0.427
2225,0.427
2226,0.427
2227,0.427
2228,0.427
2229,0.427
2230,0.427
2231,0.427
2232,0.427
2233,0.427
2234,0.427
2235,0.427
2236,0.427
2237,0.427
2238,0.427
2239,0.427
2240,0.427
2241,0.427
2242,0.427
2243,0.427
2244,0.427
2245,0.427
2246,0.427
2247,0.427
2248,0.858
2249,0.858
2250,0.858
2251,0.858
2252,0.858
2253,0.858
2254,0.858
2255,0.858
2256,0.858
2257,0.858
2258,0.858
2259,0.858
2260,0.858
2261,0.858
2262,0.858
2263,0.858
2264,0.858
2265,0.858
2266,0.858
2267,0.858
2268,0.858
2269,0.858
2270,0.858
2271,0.858
2272,0.858
2273,0.858
2274,0.858
2275,0.858
2276,0.858
2277,0.858
2278,0.858
2279,0.858
2280,0.858
2281,0.858
2282,0.858
2283,0.858
2284,0.858
2285,0.858
2286,0.858
2287,0.858
2288,0.858
2289,0.858
2290,0.858
2291,0.858
2292,0.858
2293,0.858
2294,0.858
2295,0.858
2296,0.858
2297,0.858
2298,0.858
2299,0.858
2300,0.858
2301,0.858
2302,0.858
2303,0.858
2304,0.858
2305,0.858
2306,0.858
2307,0.858
2308,0.858
2309,0.858
2310,0.858
2311,0.858
2312,0.858
2313,0.858
2314,0.858
2315,0.858
2316,0.858
2317,0.858
2318,0.858
2319,0.858
2320,0.858
2321,0.858
2322,0.858
2323,0.858
2324,0.858
2325,0.858
2326,0.858
2327,0.858
2328,0.858
2329,0.858
2330,0.858
2331,0.858
2332,0.858
2333,0.858
2334,0.858
2335,0.858
2336,0.858
2337,0.858
2338,0.858
2339,0.858
2340,0.858
2341,0.858
2342,0.858
2343,0.858
2344,0.858
2345,0.858
2346,0.858
2347,0.858
2348,0.858
2349,0.858
2350,0.858
2351,0.858
2352,0.858
2353,0.858
2354,0.858
2355,0.858
2356,0.858
2357,0.858
2358,0.858
2359,0.858
2360,0.858
2361,0.858
2362,0.858
2363,0.858
2364,0.858
2365,0.858
2366,0.858
2367,0.858
2368,0.858
2369,0.858
2370,0.858
2371,0.858
2372,0.858
2373,0.858
2374,0.858
2375,0.858
2376,0.858
2377,0.858
2378,0.858
2379,0.858
2380,0.858
2381,0.858
2382,0.858
2383,0.858
2384,0.858
2385,0.858
2386,0.858
2387,0.858
2388,0.858
2389,0.858
2390,0.858
2391,0.858
2392,0.858
2393,0.858
2394,0.858
2395,0.858
2396,0.858
2397,0.858
2398,0.858
2399,0.858
2400,0.858
2401,0.858
2402,0.858
2403,0.858
2404,0.858
2405,0.858
2406,0.858
2407,0.858
2408,0.858
2409,0.858
2410,0.858
2411,0.858
2412,0.858
2413,0.858
2414,0.858
2415,0.858
2416,0.858
2417,0.858
2418,0.858
2419,0.858
2420,0.858
2421,0.858
2422,0.858
2423,0.858
2424,0.858
2425,0.858
2426,0.858
2427,0.858
2428,0.858
2429,0.858
2430,0.858
2431,0.858
2432,0.858
2433,0.858
2434,0.858
2435,0.858
2436,0.858
2437,0.858
2438,0.858
2439,0.858
2440,0.858
2441,0.858
2442,0.858
2443,0.858
2444,0.858
2445,0.858
2446,0.858
2447,0.858
2448,0.858
2449,0.858
2450,0.858
2451,0.858
2452,0.858
2453,0.858
2454,0.858
2455,0.858
2456,0.858
2457,0.858
2458,0.858
2459,0.858
2460,0.858
2461,0.858
2462,0.858
2463,0.858
2464,0.858
2465,0.858
2466,0.858
2467,0.858
2468,0.858
2469,0.858
2470,0.858
2471,0.858
2472,0.858
2473,0.858
2474,0.858
2475,0.858
2476,0.858
2477,0.858
2478,0.858
2479,0.858
2480,0.858
2481,0.858
2482,0.858
