,NA,NO,YES
1987113-angell,0,0,1
1987113-bernard,1,0,0
1987113-black,0,0,1
1987113-boehne,0,0,1
1987113-boykin,0,0,1
1987113-corrigan,0,0,1
1987113-forrestal,0,0,1
1987113-greenspan,0,1,0
1987113-guffey,0,0,1
1987113-heller,0,1,0
1987113-hoskins,0,0,1
1987113-johnson,0,1,0
1987113-keehn,0,0,1
1987113-kelley,0,0,1
1987113-kohn,0,1,0
1987113-melzer,0,0,1
1987113-morrris,1,0,0
1987113-parry,0,0,1
1987113-prell,1,0,0
1987113-seger,0,1,0
1987113-stern,0,0,1
1987113-sternlight,1,0,0
19871215-angell,0,0,1
19871215-bernard,1,0,0
19871215-black,0,0,1
19871215-boehne,0,0,1
19871215-boykin,0,0,1
19871215-corrigan,0,0,1
19871215-greenspan,0,1,0
19871215-guffey,0,0,1
19871215-guynn,0,0,1
19871215-heller,0,1,0
19871215-hoskins,0,0,1
19871215-johnson,0,1,0
19871215-keehn,0,0,1
19871215-kelley,0,0,1
19871215-kohn,0,1,0
19871215-melzer,0,0,1
19871215-morrris,1,0,0
19871215-parry,0,0,1
19871215-prell,1,0,0
19871215-seger,0,1,0
19871215-stern,0,0,1
19871215-sternlight,1,0,0
19871215-truman,1,0,0
1987818-angell,0,0,1
1987818-bernard,1,0,0
1987818-black,0,0,1
1987818-boehne,0,0,1
1987818-boykin,0,0,1
1987818-corrigan,0,0,1
1987818-cross,1,0,0
1987818-forrestal,0,0,1
1987818-greenspan,0,1,0
1987818-guffey,0,0,1
1987818-heller,0,1,0
1987818-hendricks,0,0,1
1987818-johnson,0,1,0
1987818-keehn,0,0,1
1987818-kelley,0,0,1
1987818-kohn,0,1,0
1987818-melzer,0,0,1
1987818-morrris,1,0,0
1987818-parry,0,0,1
1987818-prell,1,0,0
1987818-seger,0,1,0
1987818-stern,0,0,1
1987818-truman,1,0,0
1987922-angell,0,0,1
1987922-black,0,0,1
1987922-boehne,0,0,1
1987922-boykin,0,0,1
1987922-corrigan,0,0,1
1987922-eisenmenger,1,0,0
1987922-forrestal,0,0,1
1987922-greenspan,0,1,0
1987922-guffey,0,0,1
1987922-heller,0,1,0
1987922-hendricks,0,0,1
1987922-johnson,0,1,0
1987922-keehn,0,0,1
1987922-kelley,0,0,1
1987922-kohn,0,1,0
1987922-melzer,0,0,1
1987922-parry,0,0,1
1987922-prell,1,0,0
1987922-seger,0,1,0
1987922-stern,0,0,1
1987922-sternlight,1,0,0
1987922-truman,1,0,0
1988111-angell,0,0,1
1988111-bernard,1,0,0
1988111-black,0,0,1
1988111-boehne,0,0,1
1988111-boykin,0,0,1
1988111-corrigan,0,0,1
1988111-forrestal,0,0,1
1988111-greenspan,0,1,0
1988111-guffey,0,0,1
1988111-heller,0,1,0
1988111-hoskins,0,0,1
1988111-johnson,0,1,0
1988111-keehn,0,0,1
1988111-kelley,0,0,1
1988111-kohn,0,1,0
1988111-laware,0,1,0
1988111-melzer,0,0,1
1988111-morrris,1,0,0
1988111-parry,0,0,1
1988111-prell,1,0,0
1988111-seger,0,1,0
1988111-stern,0,0,1
1988111-truman,1,0,0
19881213-angell,0,0,1
19881213-bernard,1,0,0
19881213-black,0,0,1
19881213-boehne,0,0,1
19881213-boykin,0,0,1
19881213-corrigan,0,0,1
19881213-eisenmenger,1,0,0
19881213-forrestal,0,0,1
19881213-greenspan,0,1,0
19881213-guffey,0,0,1
19881213-heller,0,1,0
19881213-hoskins,0,0,1
19881213-johnson,0,1,0
19881213-keehn,0,0,1
19881213-kelley,0,0,1
19881213-kohn,0,1,0
19881213-laware,0,1,0
19881213-melzer,0,0,1
19881213-parry,0,0,1
19881213-prell,1,0,0
19881213-seger,0,1,0
19881213-stern,0,0,1
19881213-sternlight,1,0,0
19881213-truman,1,0,0
198829-angell,0,0,1
198829-bernard,1,0,0
198829-black,0,0,1
198829-boehne,0,0,1
198829-boykin,0,0,1
198829-corrigan,0,0,1
198829-fomc,1,0,0
198829-forrestal,0,0,1
198829-greenspan,0,1,0
198829-guffey,0,0,1
198829-heller,0,1,0
198829-hoskins,0,0,1
198829-johnson,0,1,0
198829-keehn,0,0,1
198829-kelley,0,0,1
198829-kohn,0,1,0
198829-melzer,0,0,1
198829-morrris,1,0,0
198829-parry,0,0,1
198829-prell,1,0,0
198829-seger,0,1,0
198829-stern,0,0,1
198829-sternlight,1,0,0
198829-truman,1,0,0
1988329-angell,0,0,1
1988329-black,0,0,1
1988329-boehne,0,0,1
1988329-boykin,0,0,1
1988329-corrigan,0,0,1
1988329-forrestal,0,0,1
1988329-greenspan,0,1,0
1988329-guffey,0,0,1
1988329-heller,0,1,0
1988329-hoskins,0,0,1
1988329-johnson,0,1,0
1988329-keehn,0,0,1
1988329-kelley,0,0,1
1988329-kohn,0,1,0
1988329-melzer,0,0,1
1988329-morrris,1,0,0
1988329-parry,0,0,1
1988329-prell,1,0,0
1988329-seger,0,1,0
1988329-stern,0,0,1
1988329-truman,1,0,0
1988629-angell,0,0,1
1988629-bernard,1,0,0
1988629-black,0,0,1
1988629-boehne,0,0,1
1988629-boykin,0,0,1
1988629-corrigan,0,0,1
1988629-cross,1,0,0
1988629-forrestal,0,0,1
1988629-greenspan,0,1,0
1988629-guffey,0,0,1
1988629-heller,0,1,0
1988629-hoskins,0,0,1
1988629-johnson,0,1,0
1988629-keehn,0,0,1
1988629-kelley,0,0,1
1988629-kohn,0,1,0
1988629-melzer,0,0,1
1988629-morrris,1,0,0
1988629-parry,0,0,1
1988629-prell,1,0,0
1988629-seger,0,1,0
1988629-stern,0,0,1
1988629-sternlight,1,0,0
1988629-truman,1,0,0
1988816-angell,0,0,1
1988816-bernard,1,0,0
1988816-black,0,0,1
1988816-boehne,0,0,1
1988816-boykin,0,0,1
1988816-corrigan,0,0,1
1988816-forrestal,0,0,1
1988816-greenspan,0,1,0
1988816-guffey,0,0,1
1988816-heller,0,1,0
1988816-hoskins,0,0,1
1988816-johnson,0,1,0
1988816-keehn,0,0,1
1988816-kohn,0,1,0
1988816-laware,0,1,0
1988816-melzer,0,0,1
1988816-morrris,1,0,0
1988816-parry,0,0,1
1988816-prell,1,0,0
1988816-seger,0,1,0
1988816-stern,0,0,1
1988816-truman,1,0,0
1988920-angell,0,0,1
1988920-bernard,1,0,0
1988920-black,0,0,1
1988920-boehne,0,0,1
1988920-boykin,0,0,1
1988920-corrigan,0,0,1
1988920-forrestal,0,0,1
1988920-greenspan,0,1,0
1988920-guffey,0,0,1
1988920-heller,0,1,0
1988920-hoskins,0,0,1
1988920-johnson,0,1,0
1988920-keehn,0,0,1
1988920-kelley,0,0,1
1988920-kohn,0,1,0
1988920-laware,0,1,0
1988920-melzer,0,0,1
1988920-morrris,1,0,0
1988920-parry,0,0,1
1988920-prell,1,0,0
1988920-seger,0,1,0
1988920-stern,0,0,1
1988920-stockton,1,0,0
1988920-truman,1,0,0
1989103-angell,0,0,1
1989103-bernard,1,0,0
1989103-black,0,0,1
1989103-boehne,0,0,1
1989103-boykin,0,0,1
1989103-corrigan,0,0,1
1989103-forrestal,0,0,1
1989103-greenspan,0,1,0
1989103-guffey,0,0,1
1989103-hoskins,0,0,1
1989103-johnson,0,1,0
1989103-keehn,0,0,1
1989103-kelley,0,0,1
1989103-kohn,0,1,0
1989103-laware,0,1,0
1989103-melzer,0,0,1
1989103-parry,0,0,1
1989103-prell,1,0,0
1989103-seger,0,1,0
1989103-stern,0,0,1
1989103-syron,0,0,1
1989103-truman,1,0,0
19891114-angell,0,0,1
19891114-bernard,1,0,0
19891114-black,0,0,1
19891114-boehne,0,0,1
19891114-boykin,0,0,1
19891114-corrigan,0,0,1
19891114-forrestal,0,0,1
19891114-greenspan,0,1,0
19891114-guffey,0,0,1
19891114-hoskins,0,0,1
19891114-johnson,0,1,0
19891114-keehn,0,0,1
19891114-kelley,0,0,1
19891114-kohn,0,1,0
19891114-laware,0,1,0
19891114-melzer,0,0,1
19891114-parry,0,0,1
19891114-prell,1,0,0
19891114-seger,0,1,0
19891114-slifman,1,0,0
19891114-stern,0,0,1
19891114-syron,0,0,1
19891114-truman,1,0,0
19891218-angell,0,0,1
19891218-bernard,1,0,0
19891218-black,0,0,1
19891218-boehne,0,0,1
19891218-boykin,0,0,1
19891218-corrigan,0,0,1
19891218-forrestal,0,0,1
19891218-greenspan,0,1,0
19891218-guffey,0,0,1
19891218-hoskins,0,0,1
19891218-johnson,0,1,0
19891218-keehn,0,0,1
19891218-kelley,0,0,1
19891218-kohn,0,1,0
19891218-laware,0,1,0
19891218-mattlingly,1,0,0
19891218-melzer,0,0,1
19891218-parry,0,0,1
19891218-prell,1,0,0
19891218-seger,0,1,0
19891218-stern,0,0,1
19891218-syron,0,0,1
19891218-truman,1,0,0
198927-angell,0,0,1
198927-bernard,1,0,0
198927-black,0,0,1
198927-boehne,0,0,1
198927-boykin,0,0,1
198927-corrigan,0,0,1
198927-forrestal,0,0,1
198927-greenspan,0,1,0
198927-guffey,0,0,1
198927-heller,0,1,0
198927-hoskins,0,0,1
198927-johnson,0,1,0
198927-keehn,0,0,1
198927-kelley,0,0,1
198927-kohn,0,1,0
198927-laware,0,1,0
198927-melzer,0,0,1
198927-parry,0,0,1
198927-prell,1,0,0
198927-rosine,1,0,0
198927-seger,0,1,0
198927-stern,0,0,1
198927-stockton,1,0,0
198927-syron,0,0,1
198927-truman,1,0,0
1989328-angell,0,0,1
1989328-bernard,1,0,0
1989328-black,0,0,1
1989328-boykin,0,0,1
1989328-corrigan,0,0,1
1989328-forrestal,0,0,1
1989328-greenspan,0,1,0
1989328-guffey,0,0,1
1989328-heller,0,1,0
1989328-hoskins,0,0,1
1989328-johnson,0,1,0
1989328-keehn,0,0,1
1989328-kelley,0,0,1
1989328-kohn,0,1,0
1989328-laware,0,1,0
1989328-melzer,0,0,1
1989328-parry,0,0,1
1989328-prell,1,0,0
1989328-seger,0,1,0
1989328-stern,0,0,1
1989328-stone,1,0,0
1989328-syron,0,0,1
1989328-truman,1,0,0
1989516-angell,0,0,1
1989516-bernard,1,0,0
1989516-black,0,0,1
1989516-boehne,0,0,1
1989516-boykin,0,0,1
1989516-corrigan,0,0,1
1989516-forrestal,0,0,1
1989516-greenspan,0,1,0
1989516-guffey,0,0,1
1989516-heller,0,1,0
1989516-hoskins,0,0,1
1989516-johnson,0,1,0
1989516-keehn,0,0,1
1989516-kelley,0,0,1
1989516-kohn,0,1,0
1989516-laware,0,1,0
1989516-lindsey,0,1,0
1989516-melzer,0,0,1
1989516-parry,0,0,1
1989516-prell,1,0,0
1989516-seger,0,1,0
1989516-stern,0,0,1
1989516-sternlight,1,0,0
1989516-syron,0,0,1
198975-angell,0,0,1
198975-bernard,1,0,0
198975-black,0,0,1
198975-boehne,0,0,1
198975-boykin,0,0,1
198975-corrigan,0,0,1
198975-cross,1,0,0
198975-forrestal,0,0,1
198975-greenspan,0,1,0
198975-guffey,0,0,1
198975-hoskins,0,0,1
198975-johnson,0,1,0
198975-keehn,0,0,1
198975-kelley,0,0,1
198975-kohn,0,1,0
198975-laware,0,1,0
198975-melzer,0,0,1
198975-parry,0,0,1
198975-prell,1,0,0
198975-seger,0,1,0
198975-stern,0,0,1
198975-stockton,1,0,0
198975-syron,0,0,1
198975-truman,1,0,0
1989822-angell,0,0,1
1989822-bernard,1,0,0
1989822-boehne,0,0,1
1989822-boykin,0,0,1
1989822-corrigan,0,0,1
1989822-cross,1,0,0
1989822-forrestal,0,0,1
1989822-greenspan,0,1,0
1989822-guffey,0,0,1
1989822-hoskins,0,0,1
1989822-johnson,0,1,0
1989822-keehn,0,0,1
1989822-kelley,0,0,1
1989822-kohn,0,1,0
1989822-laware,0,1,0
1989822-melzer,0,0,1
1989822-monhollon,1,0,0
1989822-parry,0,0,1
1989822-prell,1,0,0
1989822-seger,0,1,0
1989822-slifman,1,0,0
1989822-stern,0,0,1
1989822-sternlight,1,0,0
1989822-syron,0,0,1
1989822-truman,1,0,0
1990102-angell,0,0,1
1990102-bernard,1,0,0
1990102-black,0,0,1
1990102-boehne,0,0,1
1990102-boykin,0,0,1
1990102-corrigan,0,0,1
1990102-cross,1,0,0
1990102-forrestal,0,0,1
1990102-greenspan,0,1,0
1990102-guffey,0,0,1
1990102-hoskins,0,0,1
1990102-keehn,0,0,1
1990102-kelley,0,0,1
1990102-kohn,0,1,0
1990102-laware,0,1,0
1990102-melzer,0,0,1
1990102-mullins,0,1,0
1990102-parry,0,0,1
1990102-prell,1,0,0
1990102-seger,0,1,0
1990102-stern,0,0,1
1990102-sternlight,1,0,0
1990102-stockton,1,0,0
1990102-syron,0,0,1
1990102-truman,1,0,0
19901113-angell,0,0,1
19901113-bernard,1,0,0
19901113-black,0,0,1
19901113-boehne,0,0,1
19901113-boykin,0,0,1
19901113-corrigan,0,0,1
19901113-cross,1,0,0
19901113-forrestal,0,0,1
19901113-greenspan,0,1,0
19901113-guffey,0,0,1
19901113-hoskins,0,0,1
19901113-keehn,0,0,1
19901113-kelley,0,0,1
19901113-kohn,0,1,0
19901113-laware,0,1,0
19901113-melzer,0,0,1
19901113-mullins,0,1,0
19901113-parry,0,0,1
19901113-prell,1,0,0
19901113-seger,0,1,0
19901113-stern,0,0,1
19901113-syron,0,0,1
19901113-truman,1,0,0
19901218-angell,0,0,1
19901218-bernard,1,0,0
19901218-black,0,0,1
19901218-boehne,0,0,1
19901218-boykin,0,0,1
19901218-corrigan,0,0,1
19901218-forrestal,0,0,1
19901218-greene,1,0,0
19901218-greenspan,0,1,0
19901218-guffey,0,0,1
19901218-hoskins,0,0,1
19901218-keehn,0,0,1
19901218-kelley,0,0,1
19901218-kohn,0,1,0
19901218-laware,0,1,0
19901218-melzer,0,0,1
19901218-mullins,0,1,0
19901218-parry,0,0,1
19901218-prell,1,0,0
19901218-seger,0,1,0
19901218-stern,0,0,1
19901218-sternlight,1,0,0
19901218-syron,0,0,1
19901218-truman,1,0,0
199026-angell,0,0,1
199026-bernard,1,0,0
199026-black,0,0,1
199026-boehne,0,0,1
199026-boykin,0,0,1
199026-corrigan,0,0,1
199026-cross,1,0,0
199026-fomc,1,0,0
199026-forrestal,0,0,1
199026-greenspan,0,1,0
199026-guffey,0,0,1
199026-hoskins,0,0,1
199026-johnson,0,1,0
199026-keehn,0,0,1
199026-kelley,0,0,1
199026-kohn,0,1,0
199026-laware,0,1,0
199026-melzer,0,0,1
199026-parry,0,0,1
199026-prell,1,0,0
199026-seger,0,1,0
199026-stern,0,0,1
199026-syron,0,0,1
199026-truman,1,0,0
1990327-angell,0,0,1
1990327-bernard,1,0,0
1990327-black,0,0,1
1990327-boehne,0,0,1
1990327-boykin,0,0,1
1990327-corrigan,0,0,1
1990327-forrestal,0,0,1
1990327-greenspan,0,1,0
1990327-guffey,0,0,1
1990327-hoskins,0,0,1
1990327-johnson,0,1,0
1990327-keehn,0,0,1
1990327-kelley,0,0,1
1990327-kohn,0,1,0
1990327-laware,0,1,0
1990327-melzer,0,0,1
1990327-parry,0,0,1
1990327-prell,1,0,0
1990327-seger,0,1,0
1990327-stern,0,0,1
1990327-syron,0,0,1
1990327-truman,1,0,0
1990515-angell,0,0,1
1990515-bernard,1,0,0
1990515-black,0,0,1
1990515-boehne,0,0,1
1990515-boykin,0,0,1
1990515-corrigan,0,0,1
1990515-forrestal,0,0,1
1990515-greenspan,0,1,0
1990515-guffey,0,0,1
1990515-hoskins,0,0,1
1990515-johnson,0,1,0
1990515-keehn,0,0,1
1990515-kelley,0,0,1
1990515-kohn,0,1,0
1990515-laware,0,1,0
1990515-melzer,0,0,1
1990515-parry,0,0,1
1990515-prell,1,0,0
1990515-seger,0,1,0
1990515-stern,0,0,1
1990515-syron,0,0,1
199072-angell,0,0,1
199072-bernard,1,0,0
199072-black,0,0,1
199072-boehne,0,0,1
199072-boykin,0,0,1
199072-corrigan,0,0,1
199072-forrestal,0,0,1
199072-greenspan,0,1,0
199072-guffey,0,0,1
199072-hoskins,0,0,1
199072-keehn,0,0,1
199072-kelley,0,0,1
199072-kohn,0,1,0
199072-laware,0,1,0
199072-melzer,0,0,1
199072-mullins,0,1,0
199072-parry,0,0,1
199072-prell,1,0,0
199072-seger,0,1,0
199072-stern,0,0,1
199072-syron,0,0,1
199072-truman,1,0,0
1990821-angell,0,0,1
1990821-bernard,1,0,0
1990821-boehne,0,0,1
1990821-boykin,0,0,1
1990821-corrigan,0,0,1
1990821-forrestal,0,0,1
1990821-greenspan,0,1,0
1990821-guffey,0,0,1
1990821-hoskins,0,0,1
1990821-keehn,0,0,1
1990821-kelley,0,0,1
1990821-kohn,0,1,0
1990821-laware,0,1,0
1990821-melzer,0,0,1
1990821-monhollon,1,0,0
1990821-mullins,0,1,0
1990821-parry,0,0,1
1990821-prell,1,0,0
1990821-seger,0,1,0
1990821-stern,0,0,1
1990821-sternlight,1,0,0
1990821-stockton,1,0,0
1990821-syron,0,0,1
1990821-truman,1,0,0
1991101-angell,0,0,1
1991101-bernard,1,0,0
1991101-black,0,0,1
1991101-boehne,0,0,1
1991101-corrigan,0,0,1
1991101-forrestal,0,0,1
1991101-greenspan,0,1,0
1991101-hendricks,0,0,1
1991101-hoenig,0,0,1
1991101-keehn,0,0,1
1991101-kelley,0,0,1
1991101-kohn,0,1,0
1991101-laware,0,1,0
1991101-mcteer,0,0,1
1991101-melzer,0,0,1
1991101-mullins,0,1,0
1991101-parry,0,0,1
1991101-prell,1,0,0
1991101-promisel,1,0,0
1991101-stern,0,0,1
1991101-syron,0,0,1
1991115-angell,0,0,1
1991115-bernard,1,0,0
1991115-black,0,0,1
1991115-boehne,0,0,1
1991115-corrigan,0,0,1
1991115-forrestal,0,0,1
1991115-greenspan,0,1,0
1991115-hendricks,0,0,1
1991115-hoenig,0,0,1
1991115-keehn,0,0,1
1991115-kelley,0,0,1
1991115-laware,0,1,0
1991115-lindsey,0,1,0
1991115-mcteer,0,0,1
1991115-melzer,0,0,1
1991115-mullins,0,1,0
1991115-parry,0,0,1
1991115-prell,1,0,0
1991115-stern,0,0,1
1991115-syron,0,0,1
1991115-truman,1,0,0
19911217-angell,0,0,1
19911217-bernard,1,0,0
19911217-black,0,0,1
19911217-boehne,0,0,1
19911217-corrigan,0,0,1
19911217-forrestal,0,0,1
19911217-greenspan,0,1,0
19911217-hendricks,0,0,1
19911217-hoenig,0,0,1
19911217-keehn,0,0,1
19911217-kelley,0,0,1
19911217-kohn,0,1,0
19911217-laware,0,1,0
19911217-lindsey,0,1,0
19911217-mcteer,0,0,1
19911217-melzer,0,0,1
19911217-mullins,0,1,0
19911217-parry,0,0,1
19911217-phillips,0,1,0
19911217-prell,1,0,0
19911217-stern,0,0,1
19911217-syron,0,0,1
19911217-truman,1,0,0
199125-angell,0,0,1
199125-bernard,1,0,0
199125-black,0,0,1
199125-boehne,0,0,1
199125-corrigan,0,0,1
199125-cross,1,0,0
199125-forrestal,0,0,1
199125-greenspan,0,1,0
199125-guffey,0,0,1
199125-hoskins,0,0,1
199125-keehn,0,0,1
199125-kelley,0,0,1
199125-kohn,0,1,0
199125-laware,0,1,0
199125-mcteer,0,0,1
199125-melzer,0,0,1
199125-mullins,0,1,0
199125-parry,0,0,1
199125-prell,1,0,0
199125-promisel,1,0,0
199125-seger,0,1,0
199125-siegman,1,0,0
199125-slifman,1,0,0
199125-stern,0,0,1
199125-syron,0,0,1
1991326-angell,0,0,1
1991326-bernard,1,0,0
1991326-black,0,0,1
1991326-boehne,0,0,1
1991326-corrigan,0,0,1
1991326-forrestal,0,0,1
1991326-greenspan,0,1,0
1991326-guffey,0,0,1
1991326-hoskins,0,0,1
1991326-keehn,0,0,1
1991326-kelley,0,0,1
1991326-kohn,0,1,0
1991326-laware,0,1,0
1991326-mcteer,0,0,1
1991326-melzer,0,0,1
1991326-mullins,0,1,0
1991326-parry,0,0,1
1991326-prell,1,0,0
1991326-siegman,1,0,0
1991326-stern,0,0,1
1991326-syron,0,0,1
1991514-angell,0,0,1
1991514-bernard,1,0,0
1991514-black,0,0,1
1991514-boehne,0,0,1
1991514-corrigan,0,0,1
1991514-forrestal,0,0,1
1991514-greenspan,0,1,0
1991514-guffey,0,0,1
1991514-hoskins,0,0,1
1991514-keehn,0,0,1
1991514-kelley,0,0,1
1991514-kelly,1,0,0
1991514-kohn,0,1,0
1991514-laware,0,1,0
1991514-mcteer,0,0,1
1991514-melzer,0,0,1
1991514-mullins,0,1,0
1991514-parry,0,0,1
1991514-prell,1,0,0
1991514-slifman,1,0,0
1991514-stern,0,0,1
1991514-syron,0,0,1
199172-angell,0,0,1
199172-bernard,1,0,0
199172-black,0,0,1
199172-boehne,0,0,1
199172-corrigan,0,0,1
199172-forrestal,0,0,1
199172-greenspan,0,1,0
199172-guffey,0,0,1
199172-hoskins,0,0,1
199172-keehn,0,0,1
199172-kelley,0,0,1
199172-kohn,0,1,0
199172-laware,0,1,0
199172-mcteer,0,0,1
199172-melzer,0,0,1
199172-mullins,0,1,0
199172-parry,0,0,1
199172-prell,1,0,0
199172-stern,0,0,1
199172-syron,0,0,1
199172-truman,1,0,0
1991820-angell,0,0,1
1991820-bernard,1,0,0
1991820-black,0,0,1
1991820-boehne,0,0,1
1991820-corrigan,0,0,1
1991820-forrestal,0,0,1
1991820-greenspan,0,1,0
1991820-guffey,0,0,1
1991820-hoskins,0,0,1
1991820-keehn,0,0,1
1991820-kelley,0,0,1
1991820-kohn,0,1,0
1991820-laware,0,1,0
1991820-mcteer,0,0,1
1991820-melzer,0,0,1
1991820-mullins,0,1,0
1991820-parry,0,0,1
1991820-prell,1,0,0
1991820-stern,0,0,1
1991820-syron,0,0,1
1991820-truman,1,0,0
1992106-angell,0,0,1
1992106-bernard,1,0,0
1992106-black,0,0,1
1992106-boehne,0,0,1
1992106-corrigan,0,0,1
1992106-forrestal,0,0,1
1992106-greenspan,0,1,0
1992106-hoenig,0,0,1
1992106-jordan,0,0,1
1992106-keehn,0,0,1
1992106-kelley,0,0,1
1992106-kohn,0,1,0
1992106-laware,0,1,0
1992106-lindsey,0,1,0
1992106-mcdonough,0,0,1
1992106-mcteer,0,0,1
1992106-melzer,0,0,1
1992106-mullins,0,1,0
1992106-parry,0,0,1
1992106-phillips,0,1,0
1992106-prell,1,0,0
1992106-stern,0,0,1
1992106-syron,0,0,1
1992106-truman,1,0,0
19921117-angell,0,0,1
19921117-bernard,1,0,0
19921117-black,0,0,1
19921117-boehne,0,0,1
19921117-corrigan,0,0,1
19921117-coyne,1,0,0
19921117-forrestal,0,0,1
19921117-greenspan,0,1,0
19921117-hoenig,0,0,1
19921117-jordan,0,0,1
19921117-keehn,0,0,1
19921117-kelley,0,0,1
19921117-kohn,0,1,0
19921117-laware,0,1,0
19921117-lindsey,0,1,0
19921117-mcdonough,0,0,1
19921117-mcteer,0,0,1
19921117-melzer,0,0,1
19921117-mullins,0,1,0
19921117-parry,0,0,1
19921117-phillips,0,1,0
19921117-prell,1,0,0
19921117-stern,0,0,1
19921117-syron,0,0,1
19921117-truman,1,0,0
19921222-angell,0,0,1
19921222-bernard,1,0,0
19921222-boehne,0,0,1
19921222-broaddus,0,0,1
19921222-corrigan,0,0,1
19921222-forrestal,0,0,1
19921222-greenspan,0,1,0
19921222-hoenig,0,0,1
19921222-jordan,0,0,1
19921222-keehn,0,0,1
19921222-kelley,0,0,1
19921222-kohn,0,1,0
19921222-laware,0,1,0
19921222-lindsey,0,1,0
19921222-mattlingly,1,0,0
19921222-mcdonough,0,0,1
19921222-mcteer,0,0,1
19921222-melzer,0,0,1
19921222-mullins,0,1,0
19921222-parry,0,0,1
19921222-phillips,0,1,0
19921222-prell,1,0,0
19921222-stern,0,0,1
19921222-syron,0,0,1
19921222-truman,1,0,0
199224-angell,0,0,1
199224-bernard,1,0,0
199224-black,0,0,1
199224-boehne,0,0,1
199224-corrigan,0,0,1
199224-forrestal,0,0,1
199224-greenspan,0,1,0
199224-hendricks,0,0,1
199224-hoenig,0,0,1
199224-keehn,0,0,1
199224-kelley,0,0,1
199224-kohn,0,1,0
199224-laware,0,1,0
199224-lindsey,0,1,0
199224-mcteer,0,0,1
199224-melzer,0,0,1
199224-mullins,0,1,0
199224-parry,0,0,1
199224-phillips,0,1,0
199224-prell,1,0,0
199224-simpson,1,0,0
199224-stern,0,0,1
199224-syron,0,0,1
199224-truman,1,0,0
1992331-angell,0,0,1
1992331-bernard,1,0,0
1992331-black,0,0,1
1992331-boehne,0,0,1
1992331-corrigan,0,0,1
1992331-forrestal,0,0,1
1992331-greenspan,0,1,0
1992331-hoenig,0,0,1
1992331-jordan,0,0,1
1992331-keehn,0,0,1
1992331-kelley,0,0,1
1992331-kohn,0,1,0
1992331-laware,0,1,0
1992331-lindsey,0,1,0
1992331-mcteer,0,0,1
1992331-melzer,0,0,1
1992331-mullins,0,1,0
1992331-parry,0,0,1
1992331-phillips,0,1,0
1992331-prell,1,0,0
1992331-stern,0,0,1
1992331-syron,0,0,1
1992331-truman,1,0,0
1992519-angell,0,0,1
1992519-bernard,1,0,0
1992519-black,0,0,1
1992519-boehne,0,0,1
1992519-corrigan,0,0,1
1992519-forrestal,0,0,1
1992519-greenspan,0,1,0
1992519-hoenig,0,0,1
1992519-jordan,0,0,1
1992519-keehn,0,0,1
1992519-kelley,0,0,1
1992519-kohn,0,1,0
1992519-laware,0,1,0
1992519-lindsey,0,1,0
1992519-mcteer,0,0,1
1992519-melzer,0,0,1
1992519-mullins,0,1,0
1992519-parry,0,0,1
1992519-phillips,0,1,0
1992519-prell,1,0,0
1992519-stern,0,0,1
1992519-sternlight,1,0,0
1992519-syron,0,0,1
1992630-angell,0,0,1
1992630-bernard,1,0,0
1992630-black,0,0,1
1992630-boehne,0,0,1
1992630-corrigan,0,0,1
1992630-forrestal,0,0,1
1992630-greenspan,0,1,0
1992630-hoenig,0,0,1
1992630-jordan,0,0,1
1992630-keehn,0,0,1
1992630-kelley,0,0,1
1992630-kohn,0,1,0
1992630-laware,0,1,0
1992630-lindsey,0,1,0
1992630-mcteer,0,0,1
1992630-melzer,0,0,1
1992630-mullins,0,1,0
1992630-parry,0,0,1
1992630-phillips,0,1,0
1992630-prell,1,0,0
1992630-stern,0,0,1
1992630-stockton,1,0,0
1992630-syron,0,0,1
1992630-truman,1,0,0
1992818-angell,0,0,1
1992818-bernard,1,0,0
1992818-black,0,0,1
1992818-boehne,0,0,1
1992818-corrigan,0,0,1
1992818-forrestal,0,0,1
1992818-greenspan,0,1,0
1992818-hoenig,0,0,1
1992818-jordan,0,0,1
1992818-keehn,0,0,1
1992818-kelley,0,0,1
1992818-kohn,0,1,0
1992818-laware,0,1,0
1992818-lindsey,0,1,0
1992818-mcteer,0,0,1
1992818-melzer,0,0,1
1992818-mullins,0,1,0
1992818-parry,0,0,1
1992818-phillips,0,1,0
1992818-prell,1,0,0
1992818-stern,0,0,1
1992818-stockton,1,0,0
1992818-syron,0,0,1
19931116-angell,0,0,1
19931116-boehne,0,0,1
19931116-broaddus,0,0,1
19931116-forrestal,0,0,1
19931116-greenspan,0,1,0
19931116-hoenig,0,0,1
19931116-jordan,0,0,1
19931116-keehn,0,0,1
19931116-kelley,0,0,1
19931116-kohn,0,1,0
19931116-laware,0,1,0
19931116-lindsey,0,1,0
19931116-mcdonough,0,0,1
19931116-mcteer,0,0,1
19931116-melzer,0,0,1
19931116-mullins,0,1,0
19931116-parry,0,0,1
19931116-phillips,0,1,0
19931116-prell,1,0,0
19931116-stern,0,0,1
19931116-syron,0,0,1
19931221-angell,0,0,1
19931221-bernard,1,0,0
19931221-boehne,0,0,1
19931221-broaddus,0,0,1
19931221-forrestal,0,0,1
19931221-greenspan,0,1,0
19931221-hoenig,0,0,1
19931221-jordan,0,0,1
19931221-keehn,0,0,1
19931221-kelley,0,0,1
19931221-kohn,0,1,0
19931221-laware,0,1,0
19931221-lindsey,0,1,0
19931221-mcdonough,0,0,1
19931221-mcteer,0,0,1
19931221-melzer,0,0,1
19931221-mullins,0,1,0
19931221-parry,0,0,1
19931221-phillips,0,1,0
19931221-prell,1,0,0
19931221-stern,0,0,1
19931221-syron,0,0,1
19931221-truman,1,0,0
199322-angell,0,0,1
199322-bernard,1,0,0
199322-boehne,0,0,1
199322-broaddus,0,0,1
199322-corrigan,0,0,1
199322-forrestal,0,0,1
199322-greenspan,0,1,0
199322-hoenig,0,0,1
199322-jordan,0,0,1
199322-keehn,0,0,1
199322-kelley,0,0,1
199322-kohn,0,1,0
199322-laware,0,1,0
199322-lindsey,0,1,0
199322-mcteer,0,0,1
199322-melzer,0,0,1
199322-mullins,0,1,0
199322-parry,0,0,1
199322-phillips,0,1,0
199322-prell,1,0,0
199322-slifman,1,0,0
199322-stern,0,0,1
199322-syron,0,0,1
199322-truman,1,0,0
1993323-angell,0,0,1
1993323-bernard,1,0,0
1993323-boehne,0,0,1
1993323-broaddus,0,0,1
1993323-corrigan,0,0,1
1993323-forrestal,0,0,1
1993323-greenspan,0,1,0
1993323-hoenig,0,0,1
1993323-jordan,0,0,1
1993323-keehn,0,0,1
1993323-kelley,0,0,1
1993323-laware,0,1,0
1993323-lindsey,0,1,0
1993323-mcteer,0,0,1
1993323-melzer,0,0,1
1993323-mullins,0,1,0
1993323-parry,0,0,1
1993323-phillips,0,1,0
1993323-prell,1,0,0
1993323-stern,0,0,1
1993323-syron,0,0,1
1993518-angell,0,0,1
1993518-boehne,0,0,1
1993518-broaddus,0,0,1
1993518-corrigan,0,0,1
1993518-forrestal,0,0,1
1993518-greenspan,0,1,0
1993518-hoenig,0,0,1
1993518-jordan,0,0,1
1993518-keehn,0,0,1
1993518-kelley,0,0,1
1993518-laware,0,1,0
1993518-lindsey,0,1,0
1993518-mcdonough,0,0,1
1993518-mcteer,0,0,1
1993518-melzer,0,0,1
1993518-mullins,0,1,0
1993518-parry,0,0,1
1993518-phillips,0,1,0
1993518-prell,1,0,0
1993518-stern,0,0,1
1993518-syron,0,0,1
199376-angell,0,0,1
199376-bernard,1,0,0
199376-boehne,0,0,1
199376-broaddus,0,0,1
199376-forrestal,0,0,1
199376-greenspan,0,1,0
199376-hoenig,0,0,1
199376-jordan,0,0,1
199376-keehn,0,0,1
199376-kelley,0,0,1
199376-kohn,0,1,0
199376-laware,0,1,0
199376-lindsey,0,1,0
199376-lovett,1,0,0
199376-mcteer,0,0,1
199376-melzer,0,0,1
199376-mullins,0,1,0
199376-oltman,0,0,1
199376-parry,0,0,1
199376-phillips,0,1,0
199376-prell,1,0,0
199376-slifman,1,0,0
199376-stern,0,0,1
199376-syron,0,0,1
199376-truman,1,0,0
1993817-angell,0,0,1
1993817-bernard,1,0,0
1993817-boehne,0,0,1
1993817-broaddus,0,0,1
1993817-forrestal,0,0,1
1993817-greenspan,0,1,0
1993817-hoenig,0,0,1
1993817-jordan,0,0,1
1993817-keehn,0,0,1
1993817-kelley,0,0,1
1993817-kohn,0,1,0
1993817-laware,0,1,0
1993817-lindsey,0,1,0
1993817-lovett,1,0,0
1993817-mcdonough,0,0,1
1993817-mcteer,0,0,1
1993817-melzer,0,0,1
1993817-mullins,0,1,0
1993817-parry,0,0,1
1993817-phillips,0,1,0
1993817-prell,1,0,0
1993817-siegman,1,0,0
1993817-stern,0,0,1
1993817-syron,0,0,1
1993921-angell,0,0,1
1993921-bernard,1,0,0
1993921-boehne,0,0,1
1993921-broaddus,0,0,1
1993921-forrestal,0,0,1
1993921-greenspan,0,1,0
1993921-hoenig,0,0,1
1993921-jordan,0,0,1
1993921-keehn,0,0,1
1993921-kelley,0,0,1
1993921-kohn,0,1,0
1993921-laware,0,1,0
1993921-lindsey,0,1,0
1993921-mcdonough,0,0,1
1993921-mcteer,0,0,1
1993921-melzer,0,0,1
1993921-mullins,0,1,0
1993921-parry,0,0,1
1993921-phillips,0,1,0
1993921-prell,1,0,0
1993921-stern,0,0,1
1993921-syron,0,0,1
1993921-truman,1,0,0
19941115-bernard,1,0,0
19941115-blinder,0,1,0
19941115-boehne,0,0,1
19941115-broaddus,0,0,1
19941115-forrestal,0,0,1
19941115-greenspan,0,1,0
19941115-hoenig,0,0,1
19941115-jordan,0,0,1
19941115-kelley,0,0,1
19941115-kohn,0,1,0
19941115-laware,0,1,0
19941115-lindsey,0,1,0
19941115-mcdonough,0,0,1
19941115-mcteer,0,0,1
19941115-melzer,0,0,1
19941115-minehan,0,0,1
19941115-moskow,0,0,1
19941115-parry,0,0,1
19941115-phillips,0,1,0
19941115-prell,1,0,0
19941115-stern,0,0,1
19941115-yellen,0,0,1
19941220-bernard,1,0,0
19941220-blinder,0,1,0
19941220-broaddus,0,0,1
19941220-fisher,0,0,1
19941220-forrestal,0,0,1
19941220-greenspan,0,1,0
19941220-hoenig,0,0,1
19941220-jordan,0,0,1
19941220-kelley,0,0,1
19941220-kohn,0,1,0
19941220-lang,1,0,0
19941220-laware,0,1,0
19941220-lindsey,0,1,0
19941220-mcdonough,0,0,1
19941220-mcteer,0,0,1
19941220-melzer,0,0,1
19941220-minehan,0,0,1
19941220-moskow,0,0,1
19941220-parry,0,0,1
19941220-phillips,0,1,0
19941220-prell,1,0,0
19941220-stern,0,0,1
19941220-truman,1,0,0
19941220-yellen,0,0,1
199423-bernard,1,0,0
199423-boehne,0,0,1
199423-broaddus,0,0,1
199423-coyne,1,0,0
199423-forrestal,0,0,1
199423-greenspan,0,1,0
199423-hoenig,0,0,1
199423-hooper,1,0,0
199423-jordan,0,0,1
199423-keehn,0,0,1
199423-kelley,0,0,1
199423-kohn,0,1,0
199423-laware,0,1,0
199423-lindsey,0,1,0
199423-lovett,1,0,0
199423-mattlingly,1,0,0
199423-mcdonough,0,0,1
199423-mcteer,0,0,1
199423-melzer,0,0,1
199423-parry,0,0,1
199423-phillips,0,1,0
199423-prell,1,0,0
199423-stern,0,0,1
199423-stockton,1,0,0
199423-syron,0,0,1
1994322-bernard,1,0,0
1994322-boehne,0,0,1
1994322-broaddus,0,0,1
1994322-forrestal,0,0,1
1994322-greenspan,0,1,0
1994322-hoenig,0,0,1
1994322-jordan,0,0,1
1994322-keehn,0,0,1
1994322-kelley,0,0,1
1994322-kohn,0,1,0
1994322-laware,0,1,0
1994322-lindsey,0,1,0
1994322-mcdonough,0,0,1
1994322-mcteer,0,0,1
1994322-melzer,0,0,1
1994322-minehan,0,0,1
1994322-parry,0,0,1
1994322-phillips,0,1,0
1994322-prell,1,0,0
1994322-stern,0,0,1
1994322-truman,1,0,0
1994517-bernard,1,0,0
1994517-boehne,0,0,1
1994517-broaddus,0,0,1
1994517-forrestal,0,0,1
1994517-greenspan,0,1,0
1994517-hoenig,0,0,1
1994517-jordan,0,0,1
1994517-keehn,0,0,1
1994517-kelley,0,0,1
1994517-kohn,0,1,0
1994517-laware,0,1,0
1994517-lindsey,0,1,0
1994517-mcdonough,0,0,1
1994517-mcteer,0,0,1
1994517-melzer,0,0,1
1994517-minehan,0,0,1
1994517-parry,0,0,1
1994517-phillips,0,1,0
1994517-prell,1,0,0
1994517-stern,0,0,1
1994517-truman,1,0,0
199475-bernard,1,0,0
199475-blinder,0,1,0
199475-boehne,0,0,1
199475-broaddus,0,0,1
199475-forrestal,0,0,1
199475-greenspan,0,1,0
199475-hoenig,0,0,1
199475-jordan,0,0,1
199475-keehn,0,0,1
199475-kelley,0,0,1
199475-kohn,0,1,0
199475-laware,0,1,0
199475-lindsey,0,1,0
199475-lovett,1,0,0
199475-mcdonough,0,0,1
199475-mcteer,0,0,1
199475-melzer,0,0,1
199475-minehan,0,0,1
199475-parry,0,0,1
199475-phillips,0,1,0
199475-prell,1,0,0
199475-stern,0,0,1
199475-truman,1,0,0
1994816-bernard,1,0,0
1994816-blinder,0,1,0
1994816-boehne,0,0,1
1994816-broaddus,0,0,1
1994816-conrad,1,0,0
1994816-forrestal,0,0,1
1994816-greenspan,0,1,0
1994816-hoenig,0,0,1
1994816-jordan,0,0,1
1994816-kelley,0,0,1
1994816-kohn,0,1,0
1994816-laware,0,1,0
1994816-lindsey,0,1,0
1994816-mcdonough,0,0,1
1994816-mcteer,0,0,1
1994816-melzer,0,0,1
1994816-minehan,0,0,1
1994816-parry,0,0,1
1994816-phillips,0,1,0
1994816-prell,1,0,0
1994816-stern,0,0,1
1994816-yellen,0,0,1
1994927-bernard,1,0,0
1994927-blinder,0,1,0
1994927-boehne,0,0,1
1994927-broaddus,0,0,1
1994927-forrestal,0,0,1
1994927-greenspan,0,1,0
1994927-hoenig,0,0,1
1994927-jordan,0,0,1
1994927-kelley,0,0,1
1994927-kohn,0,1,0
1994927-laware,0,1,0
1994927-lindsey,0,1,0
1994927-lovett,1,0,0
1994927-mcdonough,0,0,1
1994927-mcteer,0,0,1
1994927-melzer,0,0,1
1994927-minehan,0,0,1
1994927-moskow,0,0,1
1994927-parry,0,0,1
1994927-phillips,0,1,0
1994927-prell,1,0,0
1994927-stern,0,0,1
1994927-truman,1,0,0
1994927-yellen,0,0,1
19951115-bernard,1,0,0
19951115-blinder,0,1,0
19951115-boehne,0,0,1
19951115-broaddus,0,0,1
19951115-forrestal,0,0,1
19951115-greenspan,0,1,0
19951115-hoenig,0,0,1
19951115-jordan,0,0,1
19951115-kelley,0,0,1
19951115-kohn,0,1,0
19951115-lindsey,0,1,0
19951115-mcdonough,0,0,1
19951115-mcteer,0,0,1
19951115-melzer,0,0,1
19951115-minehan,0,0,1
19951115-moskow,0,0,1
19951115-parry,0,0,1
19951115-phillips,0,1,0
19951115-prell,1,0,0
19951115-stern,0,0,1
19951115-stockton,1,0,0
19951115-yellen,0,0,1
19951219-bernard,1,0,0
19951219-blinder,0,1,0
19951219-boehne,0,0,1
19951219-broaddus,0,0,1
19951219-greenspan,0,1,0
19951219-guynn,0,0,1
19951219-hoenig,0,0,1
19951219-jordan,0,0,1
19951219-kelley,0,0,1
19951219-kohn,0,1,0
19951219-lindsey,0,1,0
19951219-mcdonough,0,0,1
19951219-mcteer,0,0,1
19951219-melzer,0,0,1
19951219-minehan,0,0,1
19951219-moskow,0,0,1
19951219-parry,0,0,1
19951219-phillips,0,1,0
19951219-prell,1,0,0
19951219-stern,0,0,1
19951219-stockton,1,0,0
19951219-yellen,0,0,1
1995131-bernard,1,0,0
1995131-blinder,0,1,0
1995131-boehne,0,0,1
1995131-broaddus,0,0,1
1995131-forrestal,0,0,1
1995131-greenspan,0,1,0
1995131-hoenig,0,0,1
1995131-hooper,1,0,0
1995131-jordan,0,0,1
1995131-kelley,0,0,1
1995131-kohn,0,1,0
1995131-laware,0,1,0
1995131-lindsey,0,1,0
1995131-mcdonough,0,0,1
1995131-mcteer,0,0,1
1995131-melzer,0,0,1
1995131-minehan,0,0,1
1995131-moskow,0,0,1
1995131-parry,0,0,1
1995131-phillips,0,1,0
1995131-prell,1,0,0
1995131-stern,0,0,1
1995131-stockton,1,0,0
1995131-yellen,0,0,1
1995328-bernard,1,0,0
1995328-blinder,0,1,0
1995328-boehne,0,0,1
1995328-broaddus,0,0,1
1995328-forrestal,0,0,1
1995328-greenspan,0,1,0
1995328-hoenig,0,0,1
1995328-jordan,0,0,1
1995328-kelley,0,0,1
1995328-kohn,0,1,0
1995328-lindsey,0,1,0
1995328-mcdonough,0,0,1
1995328-mcteer,0,0,1
1995328-melzer,0,0,1
1995328-minehan,0,0,1
1995328-moskow,0,0,1
1995328-parry,0,0,1
1995328-phillips,0,1,0
1995328-prell,1,0,0
1995328-stern,0,0,1
1995328-truman,1,0,0
1995328-yellen,0,0,1
1995523-bernard,1,0,0
1995523-blinder,0,1,0
1995523-boehne,0,0,1
1995523-broaddus,0,0,1
1995523-forrestal,0,0,1
1995523-greenspan,0,1,0
1995523-hoenig,0,0,1
1995523-jordan,0,0,1
1995523-kelley,0,0,1
1995523-kohn,0,1,0
1995523-lindsey,0,1,0
1995523-mcdonough,0,0,1
1995523-mcteer,0,0,1
1995523-melzer,0,0,1
1995523-minehan,0,0,1
1995523-moskow,0,0,1
1995523-parry,0,0,1
1995523-phillips,0,1,0
1995523-prell,1,0,0
1995523-stern,0,0,1
1995523-stockton,1,0,0
1995523-truman,1,0,0
1995523-yellen,0,0,1
199575-bernard,1,0,0
199575-blinder,0,1,0
199575-boehne,0,0,1
199575-broaddus,0,0,1
199575-forrestal,0,0,1
199575-greenspan,0,1,0
199575-hoenig,0,0,1
199575-johnson,0,1,0
199575-jordan,0,0,1
199575-kelley,0,0,1
199575-kohn,0,1,0
199575-lindsey,0,1,0
199575-mcdonough,0,0,1
199575-mcteer,0,0,1
199575-melzer,0,0,1
199575-minehan,0,0,1
199575-moskow,0,0,1
199575-parry,0,0,1
199575-phillips,0,1,0
199575-prell,1,0,0
199575-simpson,1,0,0
199575-slifman,1,0,0
199575-stern,0,0,1
199575-yellen,0,0,1
1995822-bernard,1,0,0
1995822-blinder,0,1,0
1995822-boehne,0,0,1
1995822-broaddus,0,0,1
1995822-forrestal,0,0,1
1995822-greenspan,0,1,0
1995822-hoenig,0,0,1
1995822-jordan,0,0,1
1995822-kelley,0,0,1
1995822-kohn,0,1,0
1995822-lindsey,0,1,0
1995822-mcdonough,0,0,1
1995822-mcteer,0,0,1
1995822-melzer,0,0,1
1995822-minehan,0,0,1
1995822-moskow,0,0,1
1995822-parry,0,0,1
1995822-phillips,0,1,0
1995822-siegman,1,0,0
1995822-slifman,1,0,0
1995822-stern,0,0,1
1995822-stockton,1,0,0
1995822-yellen,0,0,1
1995926-bernard,1,0,0
1995926-blinder,0,1,0
1995926-boehne,0,0,1
1995926-broaddus,0,0,1
1995926-fisher,0,0,1
1995926-forrestal,0,0,1
1995926-greenspan,0,1,0
1995926-hoenig,0,0,1
1995926-jordan,0,0,1
1995926-kelley,0,0,1
1995926-kohn,0,1,0
1995926-lindsey,0,1,0
1995926-mcdonough,0,0,1
1995926-mcteer,0,0,1
1995926-melzer,0,0,1
1995926-minehan,0,0,1
1995926-moskow,0,0,1
1995926-parry,0,0,1
1995926-phillips,0,1,0
1995926-prell,1,0,0
1995926-stern,0,0,1
1995926-stockton,1,0,0
1995926-truman,1,0,0
1995926-yellen,0,0,1
19961113-bernard,1,0,0
19961113-boehne,0,0,1
19961113-broaddus,0,0,1
19961113-greenspan,0,1,0
19961113-guynn,0,0,1
19961113-hoenig,0,0,1
19961113-jordan,0,0,1
19961113-kelley,0,0,1
19961113-lindsey,0,1,0
19961113-mcdonough,0,0,1
19961113-mcteer,0,0,1
19961113-melzer,0,0,1
19961113-meyer,0,1,0
19961113-minehan,0,0,1
19961113-moskow,0,0,1
19961113-parry,0,0,1
19961113-phillips,0,1,0
19961113-prell,1,0,0
19961113-rivlin,0,1,0
19961113-stern,0,0,1
19961113-stockton,1,0,0
19961113-yellen,0,0,1
19961217-bernard,1,0,0
19961217-boehne,0,0,1
19961217-broaddus,0,0,1
19961217-greenspan,0,1,0
19961217-guynn,0,0,1
19961217-hoenig,0,0,1
19961217-jordan,0,0,1
19961217-kelley,0,0,1
19961217-kohn,0,1,0
19961217-lindsey,0,1,0
19961217-mcdonough,0,0,1
19961217-mcteer,0,0,1
19961217-melzer,0,0,1
19961217-meyer,0,1,0
19961217-minehan,0,0,1
19961217-moskow,0,0,1
19961217-parry,0,0,1
19961217-phillips,0,1,0
19961217-prell,1,0,0
19961217-rivlin,0,1,0
19961217-stern,0,0,1
19961217-truman,1,0,0
19961217-yellen,0,0,1
1996130-bernard,1,0,0
1996130-boehne,0,0,1
1996130-broaddus,0,0,1
1996130-greenspan,0,1,0
1996130-guynn,0,0,1
1996130-hoenig,0,0,1
1996130-jordan,0,0,1
1996130-kelley,0,0,1
1996130-kohn,0,1,0
1996130-lindsey,0,1,0
1996130-mcdonough,0,0,1
1996130-mcteer,0,0,1
1996130-melzer,0,0,1
1996130-minehan,0,0,1
1996130-moskow,0,0,1
1996130-parry,0,0,1
1996130-phillips,0,1,0
1996130-prell,1,0,0
1996130-slifman,1,0,0
1996130-stern,0,0,1
1996130-stockton,1,0,0
1996130-truman,1,0,0
1996130-yellen,0,0,1
1996326-bernard,1,0,0
1996326-boehne,0,0,1
1996326-broaddus,0,0,1
1996326-greenspan,0,1,0
1996326-guynn,0,0,1
1996326-hoenig,0,0,1
1996326-jordan,0,0,1
1996326-kelley,0,0,1
1996326-kohn,0,1,0
1996326-lindsey,0,1,0
1996326-mcdonough,0,0,1
1996326-mcteer,0,0,1
1996326-melzer,0,0,1
1996326-minehan,0,0,1
1996326-moskow,0,0,1
1996326-parry,0,0,1
1996326-phillips,0,1,0
1996326-prell,1,0,0
1996326-stern,0,0,1
1996326-stockton,1,0,0
1996326-yellen,0,0,1
1996521-bernard,1,0,0
1996521-boehne,0,0,1
1996521-broaddus,0,0,1
1996521-greenspan,0,1,0
1996521-guynn,0,0,1
1996521-hoenig,0,0,1
1996521-jordan,0,0,1
1996521-kelley,0,0,1
1996521-kohn,0,1,0
1996521-lindsey,0,1,0
1996521-mcdonough,0,0,1
1996521-mcteer,0,0,1
1996521-melzer,0,0,1
1996521-minehan,0,0,1
1996521-moskow,0,0,1
1996521-parry,0,0,1
1996521-phillips,0,1,0
1996521-prell,1,0,0
1996521-stern,0,0,1
1996521-stockton,1,0,0
1996521-truman,1,0,0
1996521-yellen,0,0,1
199672-bernard,1,0,0
199672-boehne,0,0,1
199672-broaddus,0,0,1
199672-fisher,0,0,1
199672-greenspan,0,1,0
199672-guynn,0,0,1
199672-hoenig,0,0,1
199672-jordan,0,0,1
199672-kelley,0,0,1
199672-kohn,0,1,0
199672-lindsey,0,1,0
199672-mcdonough,0,0,1
199672-mcteer,0,0,1
199672-melzer,0,0,1
199672-meyer,0,1,0
199672-minehan,0,0,1
199672-moskow,0,0,1
199672-parry,0,0,1
199672-phillips,0,1,0
199672-prell,1,0,0
199672-rivlin,0,1,0
199672-stern,0,0,1
199672-stockton,1,0,0
199672-truman,1,0,0
199672-yellen,0,0,1
1996820-bernard,1,0,0
1996820-boehne,0,0,1
1996820-broaddus,0,0,1
1996820-greenspan,0,1,0
1996820-guynn,0,0,1
1996820-hoenig,0,0,1
1996820-jordan,0,0,1
1996820-kelley,0,0,1
1996820-kohn,0,1,0
1996820-lindsey,0,1,0
1996820-mcdonough,0,0,1
1996820-mcteer,0,0,1
1996820-melzer,0,0,1
1996820-meyer,0,1,0
1996820-minehan,0,0,1
1996820-moskow,0,0,1
1996820-parry,0,0,1
1996820-phillips,0,1,0
1996820-prell,1,0,0
1996820-rivlin,0,1,0
1996820-siegman,1,0,0
1996820-stern,0,0,1
1996820-yellen,0,0,1
1996924-bernard,1,0,0
1996924-boehne,0,0,1
1996924-broaddus,0,0,1
1996924-greenspan,0,1,0
1996924-guynn,0,0,1
1996924-hoenig,0,0,1
1996924-jordan,0,0,1
1996924-kelley,0,0,1
1996924-kohn,0,1,0
1996924-lindsey,0,1,0
1996924-mcdonough,0,0,1
1996924-mcteer,0,0,1
1996924-melzer,0,0,1
1996924-meyer,0,1,0
1996924-minehan,0,0,1
1996924-moskow,0,0,1
1996924-parry,0,0,1
1996924-phillips,0,1,0
1996924-prell,1,0,0
1996924-rivlin,0,1,0
1996924-stern,0,0,1
1996924-yellen,0,0,1
19971112-bernard,1,0,0
19971112-boehne,0,0,1
19971112-broaddus,0,0,1
19971112-ferguson,0,1,0
19971112-gramlich,0,1,0
19971112-greenspan,0,1,0
19971112-guynn,0,0,1
19971112-hoenig,0,0,1
19971112-jordan,0,0,1
19971112-kelley,0,0,1
19971112-kohn,0,1,0
19971112-mcdonough,0,0,1
19971112-mcteer,0,0,1
19971112-melzer,0,0,1
19971112-meyer,0,1,0
19971112-minehan,0,0,1
19971112-moskow,0,0,1
19971112-parry,0,0,1
19971112-phillips,0,1,0
19971112-prell,1,0,0
19971112-rivlin,0,1,0
19971112-stern,0,0,1
19971112-stockton,1,0,0
19971112-truman,1,0,0
19971216-bernard,1,0,0
19971216-boehne,0,0,1
19971216-broaddus,0,0,1
19971216-ferguson,0,1,0
19971216-gramlich,0,1,0
19971216-greenspan,0,1,0
19971216-guynn,0,0,1
19971216-hoenig,0,0,1
19971216-jordan,0,0,1
19971216-kelley,0,0,1
19971216-kohn,0,1,0
19971216-mcdonough,0,0,1
19971216-mcteer,0,0,1
19971216-meyer,0,1,0
19971216-minehan,0,0,1
19971216-moskow,0,0,1
19971216-parry,0,0,1
19971216-phillips,0,1,0
19971216-prell,1,0,0
19971216-rives,1,0,0
19971216-rivlin,0,1,0
19971216-stern,0,0,1
19971216-truman,1,0,0
199724-bernard,1,0,0
199724-boehne,0,0,1
199724-broaddus,0,0,1
199724-greenspan,0,1,0
199724-guynn,0,0,1
199724-hoenig,0,0,1
199724-jordan,0,0,1
199724-kelley,0,0,1
199724-kohn,0,1,0
199724-mcdonough,0,0,1
199724-mcteer,0,0,1
199724-melzer,0,0,1
199724-meyer,0,1,0
199724-minehan,0,0,1
199724-moskow,0,0,1
199724-parry,0,0,1
199724-phillips,0,1,0
199724-prell,1,0,0
199724-rivlin,0,1,0
199724-stern,0,0,1
199724-stockton,1,0,0
199724-truman,1,0,0
1997325-bernard,1,0,0
1997325-boehne,0,0,1
1997325-broaddus,0,0,1
1997325-greenspan,0,1,0
1997325-guynn,0,0,1
1997325-hoenig,0,0,1
1997325-jordan,0,0,1
1997325-kelley,0,0,1
1997325-kohn,0,1,0
1997325-mcdonough,0,0,1
1997325-mcteer,0,0,1
1997325-melzer,0,0,1
1997325-meyer,0,1,0
1997325-minehan,0,0,1
1997325-moskow,0,0,1
1997325-parry,0,0,1
1997325-phillips,0,1,0
1997325-prell,1,0,0
1997325-rivlin,0,1,0
1997325-stern,0,0,1
1997520-bernard,1,0,0
1997520-boehne,0,0,1
1997520-broaddus,0,0,1
1997520-greenspan,0,1,0
1997520-guynn,0,0,1
1997520-hoenig,0,0,1
1997520-jordan,0,0,1
1997520-kelley,0,0,1
1997520-kohn,0,1,0
1997520-mcdonough,0,0,1
1997520-mcteer,0,0,1
1997520-melzer,0,0,1
1997520-meyer,0,1,0
1997520-minehan,0,0,1
1997520-moskow,0,0,1
1997520-parry,0,0,1
1997520-phillips,0,1,0
1997520-prell,1,0,0
1997520-rivlin,0,1,0
1997520-stern,0,0,1
199771-bernard,1,0,0
199771-boehne,0,0,1
199771-broaddus,0,0,1
199771-greenspan,0,1,0
199771-guynn,0,0,1
199771-hoenig,0,0,1
199771-jordan,0,0,1
199771-kelley,0,0,1
199771-kohn,0,1,0
199771-mcdonough,0,0,1
199771-mcteer,0,0,1
199771-melzer,0,0,1
199771-meyer,0,1,0
199771-minehan,0,0,1
199771-moskow,0,0,1
199771-parry,0,0,1
199771-phillips,0,1,0
199771-prell,1,0,0
199771-rivlin,0,1,0
199771-slifman,1,0,0
199771-stern,0,0,1
199771-stockton,1,0,0
199771-truman,1,0,0
1997819-bernard,1,0,0
1997819-boehne,0,0,1
1997819-broaddus,0,0,1
1997819-greenspan,0,1,0
1997819-guynn,0,0,1
1997819-hoenig,0,0,1
1997819-jordan,0,0,1
1997819-kelley,0,0,1
1997819-kohn,0,1,0
1997819-mcdonough,0,0,1
1997819-mcteer,0,0,1
1997819-melzer,0,0,1
1997819-meyer,0,1,0
1997819-minehan,0,0,1
1997819-moskow,0,0,1
1997819-parry,0,0,1
1997819-phillips,0,1,0
1997819-prell,1,0,0
1997819-rivlin,0,1,0
1997819-stern,0,0,1
1997819-truman,1,0,0
1997930-bernard,1,0,0
1997930-boehne,0,0,1
1997930-broaddus,0,0,1
1997930-chairman,1,0,0
1997930-greenspan,0,1,0
1997930-guynn,0,0,1
1997930-hoenig,0,0,1
1997930-jordan,0,0,1
1997930-kelley,0,0,1
1997930-kohn,0,1,0
1997930-mcdonough,0,0,1
1997930-mcteer,0,0,1
1997930-melzer,0,0,1
1997930-meyer,0,1,0
1997930-minehan,0,0,1
1997930-moskow,0,0,1
1997930-parry,0,0,1
1997930-phillips,0,1,0
1997930-prell,1,0,0
1997930-rivlin,0,1,0
1997930-stern,0,0,1
19981117-bernard,1,0,0
19981117-boehne,0,0,1
19981117-broaddus,0,0,1
19981117-ferguson,0,1,0
19981117-gramlich,0,1,0
19981117-greenspan,0,1,0
19981117-guynn,0,0,1
19981117-hoenig,0,0,1
19981117-johnson,0,1,0
19981117-jordan,0,0,1
19981117-kelley,0,0,1
19981117-lindsey,0,1,0
19981117-mcdonough,0,0,1
19981117-mcteer,0,0,1
19981117-meyer,0,1,0
19981117-minehan,0,0,1
19981117-moskow,0,0,1
19981117-parry,0,0,1
19981117-poole,0,0,1
19981117-prell,1,0,0
19981117-rivlin,0,1,0
19981117-stern,0,0,1
19981222-bernard,1,0,0
19981222-boehne,0,0,1
19981222-broaddus,0,0,1
19981222-ferguson,0,1,0
19981222-gramlich,0,1,0
19981222-greenspan,0,1,0
19981222-guynn,0,0,1
19981222-hoenig,0,0,1
19981222-johnson,0,1,0
19981222-jordan,0,0,1
19981222-kelley,0,0,1
19981222-kohn,0,1,0
19981222-mcdonough,0,0,1
19981222-mcteer,0,0,1
19981222-meyer,0,1,0
19981222-minehan,0,0,1
19981222-moskow,0,0,1
19981222-parry,0,0,1
19981222-poole,0,0,1
19981222-prell,1,0,0
19981222-rivlin,0,1,0
19981222-stern,0,0,1
199823-bernard,1,0,0
199823-boehne,0,0,1
199823-broaddus,0,0,1
199823-ferguson,0,1,0
199823-fisher,0,0,1
199823-gramlich,0,1,0
199823-greenspan,0,1,0
199823-guynn,0,0,1
199823-hoenig,0,0,1
199823-johnson,0,1,0
199823-jordan,0,0,1
199823-kelley,0,0,1
199823-kohn,0,1,0
199823-lindsey,0,1,0
199823-mcdonough,0,0,1
199823-mcteer,0,0,1
199823-meyer,0,1,0
199823-minehan,0,0,1
199823-moskow,0,0,1
199823-parry,0,0,1
199823-phillips,0,1,0
199823-prell,1,0,0
199823-rives,1,0,0
199823-rivlin,0,1,0
199823-stern,0,0,1
199823-stockton,1,0,0
199823-truman,1,0,0
1998331-bernard,1,0,0
1998331-boehne,0,0,1
1998331-broaddus,0,0,1
1998331-ferguson,0,1,0
1998331-fisher,0,0,1
1998331-gramlich,0,1,0
1998331-greenspan,0,1,0
1998331-guynn,0,0,1
1998331-hoenig,0,0,1
1998331-jordan,0,0,1
1998331-kelley,0,0,1
1998331-kohn,0,1,0
1998331-mcdonough,0,0,1
1998331-mcteer,0,0,1
1998331-meyer,0,1,0
1998331-minehan,0,0,1
1998331-moskow,0,0,1
1998331-parry,0,0,1
1998331-phillips,0,1,0
1998331-poole,0,0,1
1998331-prell,1,0,0
1998331-promisel,1,0,0
1998331-rivlin,0,1,0
1998331-stern,0,0,1
1998331-stockton,1,0,0
1998331-truman,1,0,0
1998519-boehne,0,0,1
1998519-broaddus,0,0,1
1998519-ferguson,0,1,0
1998519-gillum,1,0,0
1998519-gramlich,0,1,0
1998519-greenspan,0,1,0
1998519-guynn,0,0,1
1998519-hoenig,0,0,1
1998519-jordan,0,0,1
1998519-kelley,0,0,1
1998519-kohn,0,1,0
1998519-mcdonough,0,0,1
1998519-mcteer,0,0,1
1998519-meyer,0,1,0
1998519-minehan,0,0,1
1998519-moskow,0,0,1
1998519-parry,0,0,1
1998519-phillips,0,1,0
1998519-poole,0,0,1
1998519-prell,1,0,0
1998519-rivlin,0,1,0
1998519-stern,0,0,1
1998519-stockton,1,0,0
1998519-truman,1,0,0
1998630-bernard,1,0,0
1998630-boehne,0,0,1
1998630-broaddus,0,0,1
1998630-ferguson,0,1,0
1998630-gramlich,0,1,0
1998630-greenspan,0,1,0
1998630-guynn,0,0,1
1998630-hoenig,0,0,1
1998630-hooper,1,0,0
1998630-jordan,0,0,1
1998630-kelley,0,0,1
1998630-kohn,0,1,0
1998630-lindsey,0,1,0
1998630-mcdonough,0,0,1
1998630-mcteer,0,0,1
1998630-meyer,0,1,0
1998630-minehan,0,0,1
1998630-moskow,0,0,1
1998630-parry,0,0,1
1998630-poole,0,0,1
1998630-prell,1,0,0
1998630-rivlin,0,1,0
1998630-stern,0,0,1
1998630-stockton,1,0,0
1998630-truman,1,0,0
1998818-bernard,1,0,0
1998818-boehne,0,0,1
1998818-ferguson,0,1,0
1998818-gramlich,0,1,0
1998818-greenspan,0,1,0
1998818-guynn,0,0,1
1998818-hoenig,0,0,1
1998818-jordan,0,0,1
1998818-kelley,0,0,1
1998818-kohn,0,1,0
1998818-mcdonough,0,0,1
1998818-mcteer,0,0,1
1998818-meyer,0,1,0
1998818-minehan,0,0,1
1998818-moskow,0,0,1
1998818-parry,0,0,1
1998818-poole,0,0,1
1998818-prell,1,0,0
1998818-rivlin,0,1,0
1998818-stern,0,0,1
1998818-stockton,1,0,0
1998818-truman,1,0,0
1998818-varvel,1,0,0
1998929-bernard,1,0,0
1998929-boehne,0,0,1
1998929-broaddus,0,0,1
1998929-ferguson,0,1,0
1998929-gramlich,0,1,0
1998929-greenspan,0,1,0
1998929-guynn,0,0,1
1998929-hoenig,0,0,1
1998929-jordan,0,0,1
1998929-kelley,0,0,1
1998929-kohn,0,1,0
1998929-mcdonough,0,0,1
1998929-mcteer,0,0,1
1998929-meyer,0,1,0
1998929-minehan,0,0,1
1998929-moskow,0,0,1
1998929-parry,0,0,1
1998929-poole,0,0,1
1998929-rivlin,0,1,0
1998929-stern,0,0,1
1998929-stockton,1,0,0
1998929-truman,1,0,0
1999105-boehne,0,0,1
1999105-broaddus,0,0,1
1999105-ferguson,0,1,0
1999105-gillum,1,0,0
1999105-gramlich,0,1,0
1999105-greenspan,0,1,0
1999105-guynn,0,0,1
1999105-hoenig,0,0,1
1999105-johnson,0,1,0
1999105-jordan,0,0,1
1999105-kelley,0,0,1
1999105-kohn,0,1,0
1999105-mcdonough,0,0,1
1999105-mcteer,0,0,1
1999105-meyer,0,1,0
1999105-minehan,0,0,1
1999105-moskow,0,0,1
1999105-parry,0,0,1
1999105-poole,0,0,1
1999105-prell,1,0,0
1999105-stern,0,0,1
19991116-bernard,1,0,0
19991116-boehne,0,0,1
19991116-broaddus,0,0,1
19991116-ferguson,0,1,0
19991116-gramlich,0,1,0
19991116-greenspan,0,1,0
19991116-guynn,0,0,1
19991116-hoenig,0,0,1
19991116-johnson,0,1,0
19991116-jordan,0,0,1
19991116-kelley,0,0,1
19991116-kohn,0,1,0
19991116-mcdonough,0,0,1
19991116-mcteer,0,0,1
19991116-meyer,0,1,0
19991116-minehan,0,0,1
19991116-moskow,0,0,1
19991116-parry,0,0,1
19991116-poole,0,0,1
19991116-prell,1,0,0
19991116-stern,0,0,1
19991116-stockton,1,0,0
19991221-bernard,1,0,0
19991221-boehne,0,0,1
19991221-broaddus,0,0,1
19991221-ferguson,0,1,0
19991221-gramlich,0,1,0
19991221-greenspan,0,1,0
19991221-guynn,0,0,1
19991221-hoenig,0,0,1
19991221-johnson,0,1,0
19991221-jordan,0,0,1
19991221-kelley,0,0,1
19991221-kohn,0,1,0
19991221-mcdonough,0,0,1
19991221-mcteer,0,0,1
19991221-meyer,0,1,0
19991221-minehan,0,0,1
19991221-moskow,0,0,1
19991221-parry,0,0,1
19991221-poole,0,0,1
19991221-prell,1,0,0
19991221-stern,0,0,1
19991221-stockton,1,0,0
199922-alexander,1,0,0
199922-bernard,1,0,0
199922-boehne,0,0,1
199922-broaddus,0,0,1
199922-ferguson,0,1,0
199922-gramlich,0,1,0
199922-greenspan,0,1,0
199922-guynn,0,0,1
199922-hoenig,0,0,1
199922-jordan,0,0,1
199922-kelley,0,0,1
199922-kohn,0,1,0
199922-mcdonough,0,0,1
199922-mcteer,0,0,1
199922-meyer,0,1,0
199922-minehan,0,0,1
199922-moskow,0,0,1
199922-parry,0,0,1
199922-poole,0,0,1
199922-prell,1,0,0
199922-rivlin,0,1,0
199922-stern,0,0,1
199922-stockton,1,0,0
1999330-bernard,1,0,0
1999330-boehne,0,0,1
1999330-broaddus,0,0,1
1999330-ferguson,0,1,0
1999330-gramlich,0,1,0
1999330-greenspan,0,1,0
1999330-guynn,0,0,1
1999330-hoenig,0,0,1
1999330-johnson,0,1,0
1999330-jordan,0,0,1
1999330-kelley,0,0,1
1999330-kohn,0,1,0
1999330-mcdonough,0,0,1
1999330-mcteer,0,0,1
1999330-meyer,0,1,0
1999330-minehan,0,0,1
1999330-moskow,0,0,1
1999330-parry,0,0,1
1999330-poole,0,0,1
1999330-prell,1,0,0
1999330-rivlin,0,1,0
1999330-stern,0,0,1
1999518-bernard,1,0,0
1999518-boehne,0,0,1
1999518-broaddus,0,0,1
1999518-ferguson,0,1,0
1999518-gramlich,0,1,0
1999518-greenspan,0,1,0
1999518-guynn,0,0,1
1999518-hoenig,0,0,1
1999518-jordan,0,0,1
1999518-kelley,0,0,1
1999518-kohn,0,1,0
1999518-mcdonough,0,0,1
1999518-mcteer,0,0,1
1999518-meyer,0,1,0
1999518-minehan,0,0,1
1999518-moskow,0,0,1
1999518-parry,0,0,1
1999518-poole,0,0,1
1999518-prell,1,0,0
1999518-rivlin,0,1,0
1999518-stern,0,0,1
1999629-bernard,1,0,0
1999629-boehne,0,0,1
1999629-broaddus,0,0,1
1999629-ferguson,0,1,0
1999629-fisher,0,0,1
1999629-gramlich,0,1,0
1999629-greenspan,0,1,0
1999629-guynn,0,0,1
1999629-hoenig,0,0,1
1999629-johnson,0,1,0
1999629-jordan,0,0,1
1999629-kelley,0,0,1
1999629-kohn,0,1,0
1999629-mcdonough,0,0,1
1999629-mcteer,0,0,1
1999629-meyer,0,1,0
1999629-minehan,0,0,1
1999629-moskow,0,0,1
1999629-parry,0,0,1
1999629-poole,0,0,1
1999629-prell,1,0,0
1999629-stern,0,0,1
1999824-bernard,1,0,0
1999824-boehne,0,0,1
1999824-broaddus,0,0,1
1999824-ferguson,0,1,0
1999824-fisher,0,0,1
1999824-gramlich,0,1,0
1999824-greenspan,0,1,0
1999824-guynn,0,0,1
1999824-hoenig,0,0,1
1999824-johnson,0,1,0
1999824-jordan,0,0,1
1999824-kelley,0,0,1
1999824-kohn,0,1,0
1999824-mcdonough,0,0,1
1999824-mcteer,0,0,1
1999824-meyer,0,1,0
1999824-minehan,0,0,1
1999824-moskow,0,0,1
1999824-parry,0,0,1
1999824-poole,0,0,1
1999824-prell,1,0,0
1999824-stern,0,0,1
2000103-broaddus,0,0,1
2000103-ferguson,0,1,0
2000103-gillum,1,0,0
2000103-gramlich,0,1,0
2000103-greenspan,0,1,0
2000103-guynn,0,0,1
2000103-hoenig,0,0,1
2000103-johnson,0,1,0
2000103-jordan,0,0,1
2000103-kelley,0,0,1
2000103-kohn,0,1,0
2000103-mcdonough,0,0,1
2000103-mcteer,0,0,1
2000103-meyer,0,1,0
2000103-minehan,0,0,1
2000103-moskow,0,0,1
2000103-parry,0,0,1
2000103-poole,0,0,1
2000103-santomero,0,0,1
2000103-stern,0,0,1
2000103-stockton,1,0,0
20001115-bernard,1,0,0
20001115-broaddus,0,0,1
20001115-ferguson,0,1,0
20001115-gramlich,0,1,0
20001115-greenspan,0,1,0
20001115-guynn,0,0,1
20001115-hoenig,0,0,1
20001115-kelley,0,0,1
20001115-kohn,0,1,0
20001115-mcdonough,0,0,1
20001115-mcteer,0,0,1
20001115-meyer,0,1,0
20001115-minehan,0,0,1
20001115-moskow,0,0,1
20001115-oliner,1,0,0
20001115-parry,0,0,1
20001115-pianalto,0,0,1
20001115-poole,0,0,1
20001115-reinhart,1,0,0
20001115-santomero,0,0,1
20001115-stern,0,0,1
20001115-stockton,1,0,0
20001219-bernard,1,0,0
20001219-broaddus,0,0,1
20001219-ferguson,0,1,0
20001219-gramlich,0,1,0
20001219-greenspan,0,1,0
20001219-guynn,0,0,1
20001219-hoenig,0,0,1
20001219-johnson,0,1,0
20001219-jordan,0,0,1
20001219-kelley,0,0,1
20001219-kohn,0,1,0
20001219-mcdonough,0,0,1
20001219-mcteer,0,0,1
20001219-meyer,0,1,0
20001219-minehan,0,0,1
20001219-moskow,0,0,1
20001219-parry,0,0,1
20001219-poole,0,0,1
20001219-santomero,0,0,1
20001219-stern,0,0,1
20001219-stockton,1,0,0
200021-bernard,1,0,0
200021-boehne,0,0,1
200021-broaddus,0,0,1
200021-ferguson,0,1,0
200021-gramlich,0,1,0
200021-greenspan,0,1,0
200021-guynn,0,0,1
200021-hoenig,0,0,1
200021-johnson,0,1,0
200021-jordan,0,0,1
200021-kelley,0,0,1
200021-kohn,0,1,0
200021-mcdonough,0,0,1
200021-mcteer,0,0,1
200021-meyer,0,1,0
200021-minehan,0,0,1
200021-moskow,0,0,1
200021-parry,0,0,1
200021-poole,0,0,1
200021-prell,1,0,0
200021-stern,0,0,1
200021-stockton,1,0,0
2000321-bernard,1,0,0
2000321-boehne,0,0,1
2000321-broaddus,0,0,1
2000321-ferguson,0,1,0
2000321-gramlich,0,1,0
2000321-greenspan,0,1,0
2000321-guynn,0,0,1
2000321-hoenig,0,0,1
2000321-johnson,0,1,0
2000321-jordan,0,0,1
2000321-kelley,0,0,1
2000321-kohn,0,1,0
2000321-mcdonough,0,0,1
2000321-mcteer,0,0,1
2000321-meyer,0,1,0
2000321-minehan,0,0,1
2000321-moskow,0,0,1
2000321-parry,0,0,1
2000321-poole,0,0,1
2000321-prell,1,0,0
2000321-stern,0,0,1
2000516-bernard,1,0,0
2000516-broaddus,0,0,1
2000516-ferguson,0,1,0
2000516-gramlich,0,1,0
2000516-greenspan,0,1,0
2000516-guynn,0,0,1
2000516-hoenig,0,0,1
2000516-jordan,0,0,1
2000516-kelley,0,0,1
2000516-lindsey,0,1,0
2000516-mcdonough,0,0,1
2000516-mcteer,0,0,1
2000516-meyer,0,1,0
2000516-minehan,0,0,1
2000516-moskow,0,0,1
2000516-parry,0,0,1
2000516-poole,0,0,1
2000516-prell,1,0,0
2000516-reinhart,1,0,0
2000516-stern,0,0,1
2000516-stockton,1,0,0
2000516-stone,1,0,0
2000627-bernard,1,0,0
2000627-broaddus,0,0,1
2000627-ferguson,0,1,0
2000627-gramlich,0,1,0
2000627-greenspan,0,1,0
2000627-guynn,0,0,1
2000627-hoenig,0,0,1
2000627-johnson,0,1,0
2000627-jordan,0,0,1
2000627-kelley,0,0,1
2000627-kohn,0,1,0
2000627-mcdonough,0,0,1
2000627-mcteer,0,0,1
2000627-meyer,0,1,0
2000627-minehan,0,0,1
2000627-moskow,0,0,1
2000627-parry,0,0,1
2000627-poole,0,0,1
2000627-reifschneider,1,0,0
2000627-slifman,1,0,0
2000627-stern,0,0,1
2000627-stockton,1,0,0
2000627-stone,1,0,0
2000822-bernard,1,0,0
2000822-broaddus,0,0,1
2000822-ferguson,0,1,0
2000822-gramlich,0,1,0
2000822-greenspan,0,1,0
2000822-guynn,0,0,1
2000822-hoenig,0,0,1
2000822-johnson,0,1,0
2000822-jordan,0,0,1
2000822-kelley,0,0,1
2000822-kohn,0,1,0
2000822-mcdonough,0,0,1
2000822-mcteer,0,0,1
2000822-meyer,0,1,0
2000822-minehan,0,0,1
2000822-moskow,0,0,1
2000822-parry,0,0,1
2000822-poole,0,0,1
2000822-santomero,0,0,1
2000822-stern,0,0,1
2000822-stockton,1,0,0
2001102-bernard,1,0,0
2001102-broaddus,0,0,1
2001102-ferguson,0,1,0
2001102-gramlich,0,1,0
2001102-greenspan,0,1,0
2001102-guynn,0,0,1
2001102-hoenig,0,0,1
2001102-johnson,0,1,0
2001102-jordan,0,0,1
2001102-kelley,0,0,1
2001102-kohn,0,1,0
2001102-mcdonough,0,0,1
2001102-mcteer,0,0,1
2001102-meyer,0,1,0
2001102-minehan,0,0,1
2001102-moskow,0,0,1
2001102-parry,0,0,1
2001102-poole,0,0,1
2001102-santomero,0,0,1
2001102-stern,0,0,1
2001102-stockton,1,0,0
2001116-bernard,1,0,0
2001116-broaddus,0,0,1
2001116-ferguson,0,1,0
2001116-gramlich,0,1,0
2001116-greenspan,0,1,0
2001116-guynn,0,0,1
2001116-hoenig,0,0,1
2001116-johnson,0,1,0
2001116-jordan,0,0,1
2001116-kelley,0,0,1
2001116-kohn,0,1,0
2001116-mcdonough,0,0,1
2001116-mcteer,0,0,1
2001116-meyer,0,1,0
2001116-minehan,0,0,1
2001116-moskow,0,0,1
2001116-parry,0,0,1
2001116-poole,0,0,1
2001116-reinhart,1,0,0
2001116-santomero,0,0,1
2001116-stern,0,0,1
2001116-stockton,1,0,0
2001116-wilcox,1,0,0
20011211-bernard,1,0,0
20011211-bies,0,0,1
20011211-broaddus,0,0,1
20011211-ferguson,0,1,0
20011211-gramlich,0,1,0
20011211-greenspan,0,1,0
20011211-guynn,0,0,1
20011211-hoenig,0,0,1
20011211-howard,1,0,0
20011211-johnson,0,1,0
20011211-jordan,0,0,1
20011211-kohn,0,1,0
20011211-mcdonough,0,0,1
20011211-mcteer,0,0,1
20011211-meyer,0,1,0
20011211-minehan,0,0,1
20011211-moskow,0,0,1
20011211-olson,0,1,0
20011211-parry,0,0,1
20011211-poole,0,0,1
20011211-reinhart,1,0,0
20011211-santomero,0,0,1
20011211-stern,0,0,1
20011211-stockton,1,0,0
2001130-bernard,1,0,0
2001130-broaddus,0,0,1
2001130-ferguson,0,1,0
2001130-gramlich,0,1,0
2001130-greenspan,0,1,0
2001130-guynn,0,0,1
2001130-hoenig,0,0,1
2001130-johnson,0,1,0
2001130-jordan,0,0,1
2001130-kelley,0,0,1
2001130-kohn,0,1,0
2001130-madigan,1,0,0
2001130-mcdonough,0,0,1
2001130-mcteer,0,0,1
2001130-meyer,0,1,0
2001130-minehan,0,0,1
2001130-moskow,0,0,1
2001130-parry,0,0,1
2001130-poole,0,0,1
2001130-santomero,0,0,1
2001130-slifman,1,0,0
2001130-stern,0,0,1
2001130-stockton,1,0,0
2001320-bernard,1,0,0
2001320-broaddus,0,0,1
2001320-ferguson,0,1,0
2001320-gramlich,0,1,0
2001320-greenspan,0,1,0
2001320-guynn,0,0,1
2001320-hoenig,0,0,1
2001320-johnson,0,1,0
2001320-jordan,0,0,1
2001320-kelley,0,0,1
2001320-kohn,0,1,0
2001320-mcdonough,0,0,1
2001320-mcteer,0,0,1
2001320-meyer,0,1,0
2001320-minehan,0,0,1
2001320-moskow,0,0,1
2001320-parry,0,0,1
2001320-poole,0,0,1
2001320-santomero,0,0,1
2001320-stern,0,0,1
2001320-stockton,1,0,0
2001515-broaddus,0,0,1
2001515-ferguson,0,1,0
2001515-gillum,1,0,0
2001515-gramlich,0,1,0
2001515-greenspan,0,1,0
2001515-guynn,0,0,1
2001515-hoenig,0,0,1
2001515-johnson,0,1,0
2001515-jordan,0,0,1
2001515-kelley,0,0,1
2001515-kohn,0,1,0
2001515-mcdonough,0,0,1
2001515-mcteer,0,0,1
2001515-meyer,0,1,0
2001515-minehan,0,0,1
2001515-moskow,0,0,1
2001515-parry,0,0,1
2001515-poole,0,0,1
2001515-santomero,0,0,1
2001515-stern,0,0,1
2001515-stockton,1,0,0
2001626-bernard,1,0,0
2001626-broaddus,0,0,1
2001626-ferguson,0,1,0
2001626-gramlich,0,1,0
2001626-greenspan,0,1,0
2001626-guynn,0,0,1
2001626-hoenig,0,0,1
2001626-johnson,0,1,0
2001626-jordan,0,0,1
2001626-kelley,0,0,1
2001626-kelly,1,0,0
2001626-kohn,0,1,0
2001626-mcdonough,0,0,1
2001626-mcteer,0,0,1
2001626-meyer,0,1,0
2001626-minehan,0,0,1
2001626-moskow,0,0,1
2001626-parry,0,0,1
2001626-poole,0,0,1
2001626-santomero,0,0,1
2001626-slifman,1,0,0
2001626-stern,0,0,1
2001626-stockton,1,0,0
2001626-wilcox,1,0,0
2001821-bernard,1,0,0
2001821-broaddus,0,0,1
2001821-ferguson,0,1,0
2001821-gramlich,0,1,0
2001821-greenspan,0,1,0
2001821-guynn,0,0,1
2001821-hoenig,0,0,1
2001821-jordan,0,0,1
2001821-kelley,0,0,1
2001821-kohn,0,1,0
2001821-mcdonough,0,0,1
2001821-mcteer,0,0,1
2001821-meyer,0,1,0
2001821-minehan,0,0,1
2001821-moskow,0,0,1
2001821-parry,0,0,1
2001821-poole,0,0,1
2001821-reinhart,1,0,0
2001821-santomero,0,0,1
2001821-smith,1,0,0
2001821-stern,0,0,1
2001821-wilcox,1,0,0
2002116-bernanke,0,1,0
2002116-bernard,1,0,0
2002116-bies,0,0,1
2002116-broaddus,0,0,1
2002116-ferguson,0,1,0
2002116-gramlich,0,1,0
2002116-greenspan,0,1,0
2002116-guynn,0,0,1
2002116-hoenig,0,0,1
2002116-johnson,0,1,0
2002116-jordan,0,0,1
2002116-kohn,0,1,0
2002116-mcdonough,0,0,1
2002116-mcteer,0,0,1
2002116-minehan,0,0,1
2002116-moskow,0,0,1
2002116-olson,0,1,0
2002116-parry,0,0,1
2002116-poole,0,0,1
2002116-reinhart,1,0,0
2002116-santomero,0,0,1
2002116-stern,0,0,1
2002116-stockton,1,0,0
20021210-bernanke,0,1,0
20021210-bernard,1,0,0
20021210-bies,0,0,1
20021210-broaddus,0,0,1
20021210-ferguson,0,1,0
20021210-gramlich,0,1,0
20021210-greenspan,0,1,0
20021210-guynn,0,0,1
20021210-hoenig,0,0,1
20021210-johnson,0,1,0
20021210-jordan,0,0,1
20021210-kohn,0,1,0
20021210-madigan,1,0,0
20021210-mcdonough,0,0,1
20021210-mcteer,0,0,1
20021210-minehan,0,0,1
20021210-moskow,0,0,1
20021210-olson,0,1,0
20021210-parry,0,0,1
20021210-poole,0,0,1
20021210-reinhart,1,0,0
20021210-santomero,0,0,1
20021210-stern,0,0,1
20021210-stockton,1,0,0
20021210-wilcox,1,0,0
2002129-bernard,1,0,0
2002129-bies,0,0,1
2002129-broaddus,0,0,1
2002129-ferguson,0,1,0
2002129-gramlich,0,1,0
2002129-greenspan,0,1,0
2002129-guynn,0,0,1
2002129-hoenig,0,0,1
2002129-johnson,0,1,0
2002129-jordan,0,0,1
2002129-kohn,0,1,0
2002129-mcdonough,0,0,1
2002129-mcteer,0,0,1
2002129-minehan,0,0,1
2002129-moskow,0,0,1
2002129-olson,0,1,0
2002129-parry,0,0,1
2002129-poole,0,0,1
2002129-santomero,0,0,1
2002129-slifman,1,0,0
2002129-stern,0,0,1
2002129-stockton,1,0,0
2002129-wilcox,1,0,0
2002319-bernard,1,0,0
2002319-bies,0,0,1
2002319-broaddus,0,0,1
2002319-ferguson,0,1,0
2002319-gramlich,0,1,0
2002319-greenspan,0,1,0
2002319-guynn,0,0,1
2002319-hoenig,0,0,1
2002319-johnson,0,1,0
2002319-jordan,0,0,1
2002319-mcdonough,0,0,1
2002319-mcteer,0,0,1
2002319-minehan,0,0,1
2002319-moskow,0,0,1
2002319-olson,0,1,0
2002319-parry,0,0,1
2002319-poole,0,0,1
2002319-reinhart,1,0,0
2002319-santomero,0,0,1
2002319-stern,0,0,1
2002319-stockton,1,0,0
200257-bernard,1,0,0
200257-bies,0,0,1
200257-broaddus,0,0,1
200257-ferguson,0,1,0
200257-gramlich,0,1,0
200257-greenspan,0,1,0
200257-guynn,0,0,1
200257-hoenig,0,0,1
200257-johnson,0,1,0
200257-jordan,0,0,1
200257-kohn,0,1,0
200257-kos,1,0,0
200257-mcdonough,0,0,1
200257-mcteer,0,0,1
200257-minehan,0,0,1
200257-moskow,0,0,1
200257-olson,0,1,0
200257-parry,0,0,1
200257-poole,0,0,1
200257-reinhart,1,0,0
200257-santomero,0,0,1
200257-stern,0,0,1
200257-stockton,1,0,0
2002625-barron,1,0,0
2002625-bernard,1,0,0
2002625-bies,0,0,1
2002625-broaddus,0,0,1
2002625-ferguson,0,1,0
2002625-gramlich,0,1,0
2002625-greenspan,0,1,0
2002625-hoenig,0,0,1
2002625-johnson,0,1,0
2002625-jordan,0,0,1
2002625-kohn,0,1,0
2002625-mcdonough,0,0,1
2002625-mcteer,0,0,1
2002625-minehan,0,0,1
2002625-moskow,0,0,1
2002625-oliner,1,0,0
2002625-parry,0,0,1
2002625-poole,0,0,1
2002625-reinhart,1,0,0
2002625-santomero,0,0,1
2002625-stern,0,0,1
2002625-stockton,1,0,0
2002813-bernanke,0,1,0
2002813-bernard,1,0,0
2002813-bies,0,0,1
2002813-broaddus,0,0,1
2002813-ferguson,0,1,0
2002813-gramlich,0,1,0
2002813-greenspan,0,1,0
2002813-guynn,0,0,1
2002813-hoenig,0,0,1
2002813-johnson,0,1,0
2002813-jordan,0,0,1
2002813-kohn,0,1,0
2002813-mcdonough,0,0,1
2002813-mcteer,0,0,1
2002813-minehan,0,0,1
2002813-moskow,0,0,1
2002813-olson,0,1,0
2002813-parry,0,0,1
2002813-poole,0,0,1
2002813-reinhart,1,0,0
2002813-santomero,0,0,1
2002813-stern,0,0,1
2002813-stockton,1,0,0
2002813-wilcox,1,0,0
2002924-bernanke,0,1,0
2002924-bernard,1,0,0
2002924-bies,0,0,1
2002924-broaddus,0,0,1
2002924-ferguson,0,1,0
2002924-gramlich,0,1,0
2002924-greenspan,0,1,0
2002924-guynn,0,0,1
2002924-hoenig,0,0,1
2002924-johnson,0,1,0
2002924-jordan,0,0,1
2002924-kohn,0,1,0
2002924-mcdonough,0,0,1
2002924-mcteer,0,0,1
2002924-minehan,0,0,1
2002924-moskow,0,0,1
2002924-olson,0,1,0
2002924-parry,0,0,1
2002924-poole,0,0,1
2002924-reinhart,1,0,0
2002924-santomero,0,0,1
2002924-stern,0,0,1
2002924-stockton,1,0,0
20031028-bernanke,0,1,0
20031028-bernard,1,0,0
20031028-bies,0,0,1
20031028-broaddus,0,0,1
20031028-ferguson,0,1,0
20031028-gramlich,0,1,0
20031028-greenspan,0,1,0
20031028-guynn,0,0,1
20031028-hoenig,0,0,1
20031028-johnson,0,1,0
20031028-kohn,0,1,0
20031028-mcteer,0,0,1
20031028-minehan,0,0,1
20031028-moskow,0,0,1
20031028-olson,0,1,0
20031028-parry,0,0,1
20031028-pianalto,0,0,1
20031028-poole,0,0,1
20031028-reinhart,1,0,0
20031028-santomero,0,0,1
20031028-stern,0,0,1
20031028-stewart,1,0,0
20031028-stockton,1,0,0
2003128-bernanke,0,1,0
2003128-bernard,1,0,0
2003128-bies,0,0,1
2003128-broaddus,0,0,1
2003128-ferguson,0,1,0
2003128-gramlich,0,1,0
2003128-greenspan,0,1,0
2003128-guynn,0,0,1
2003128-hoenig,0,0,1
2003128-johnson,0,1,0
2003128-kohn,0,1,0
2003128-mcdonough,0,0,1
2003128-mcteer,0,0,1
2003128-minehan,0,0,1
2003128-moskow,0,0,1
2003128-olson,0,1,0
2003128-parry,0,0,1
2003128-pianalto,0,0,1
2003128-poole,0,0,1
2003128-reinhart,1,0,0
2003128-santomero,0,0,1
2003128-slifman,1,0,0
2003128-stern,0,0,1
2003128-stockton,1,0,0
2003128-struckmeyer,1,0,0
2003129-bernanke,0,1,0
2003129-bernard,1,0,0
2003129-bies,0,0,1
2003129-broaddus,0,0,1
2003129-ferguson,0,1,0
2003129-geithner,0,0,1
2003129-gramlich,0,1,0
2003129-greenspan,0,1,0
2003129-guynn,0,0,1
2003129-hoenig,0,0,1
2003129-johnson,0,1,0
2003129-kohn,0,1,0
2003129-kos,1,0,0
2003129-lyon,1,0,0
2003129-madigan,1,0,0
2003129-mcteer,0,0,1
2003129-minehan,0,0,1
2003129-moskow,0,0,1
2003129-olson,0,1,0
2003129-parry,0,0,1
2003129-pianalto,0,0,1
2003129-poole,0,0,1
2003129-reinhart,1,0,0
2003129-santomero,0,0,1
2003129-stockton,1,0,0
2003318-bernanke,0,1,0
2003318-bernard,1,0,0
2003318-bies,0,0,1
2003318-broaddus,0,0,1
2003318-ferguson,0,1,0
2003318-gramlich,0,1,0
2003318-greenspan,0,1,0
2003318-guynn,0,0,1
2003318-hoenig,0,0,1
2003318-johnson,0,1,0
2003318-kohn,0,1,0
2003318-mcdonough,0,0,1
2003318-mcteer,0,0,1
2003318-minehan,0,0,1
2003318-moskow,0,0,1
2003318-olson,0,1,0
2003318-parry,0,0,1
2003318-pianalto,0,0,1
2003318-poole,0,0,1
2003318-reinhart,1,0,0
2003318-santomero,0,0,1
2003318-stern,0,0,1
2003318-stockton,1,0,0
200356-bernanke,0,1,0
200356-bernard,1,0,0
200356-bies,0,0,1
200356-broaddus,0,0,1
200356-ferguson,0,1,0
200356-gramlich,0,1,0
200356-greenspan,0,1,0
200356-guynn,0,0,1
200356-hoenig,0,0,1
200356-johnson,0,1,0
200356-kohn,0,1,0
200356-mcdonough,0,0,1
200356-mcteer,0,0,1
200356-minehan,0,0,1
200356-moskow,0,0,1
200356-olson,0,1,0
200356-parry,0,0,1
200356-pianalto,0,0,1
200356-poole,0,0,1
200356-reinhart,1,0,0
200356-santomero,0,0,1
200356-slifman,1,0,0
200356-stern,0,0,1
200356-stockton,1,0,0
200356-wilcox,1,0,0
2003624-bernanke,0,1,0
2003624-bernard,1,0,0
2003624-bies,0,0,1
2003624-broaddus,0,0,1
2003624-ferguson,0,1,0
2003624-gramlich,0,1,0
2003624-greenspan,0,1,0
2003624-guynn,0,0,1
2003624-hoenig,0,0,1
2003624-johnson,0,1,0
2003624-kohn,0,1,0
2003624-mcteer,0,0,1
2003624-minehan,0,0,1
2003624-moskow,0,0,1
2003624-oliner,1,0,0
2003624-olson,0,1,0
2003624-parry,0,0,1
2003624-pianalto,0,0,1
2003624-poole,0,0,1
2003624-reinhart,1,0,0
2003624-santomero,0,0,1
2003624-stern,0,0,1
2003624-stewart,1,0,0
2003624-stockton,1,0,0
2003624-wilcox,1,0,0
2003812-bernanke,0,1,0
2003812-bernard,1,0,0
2003812-bies,0,0,1
2003812-broaddus,0,0,1
2003812-ferguson,0,1,0
2003812-gramlich,0,1,0
2003812-greenspan,0,1,0
2003812-guynn,0,0,1
2003812-hoenig,0,0,1
2003812-johnson,0,1,0
2003812-kohn,0,1,0
2003812-kos,1,0,0
2003812-madigan,1,0,0
2003812-mcteer,0,0,1
2003812-minehan,0,0,1
2003812-moskow,0,0,1
2003812-olson,0,1,0
2003812-parry,0,0,1
2003812-pianalto,0,0,1
2003812-poole,0,0,1
2003812-reinhart,1,0,0
2003812-santomero,0,0,1
2003812-stern,0,0,1
2003812-stewart,1,0,0
2003812-wilcox,1,0,0
2003915-bernanke,0,1,0
2003915-bernard,1,0,0
2003915-bies,0,0,1
2003915-broaddus,0,0,1
2003915-ferguson,0,1,0
2003915-gramlich,0,1,0
2003915-greenspan,0,1,0
2003915-guynn,0,0,1
2003915-hoenig,0,0,1
2003915-johnson,0,1,0
2003915-kohn,0,1,0
2003915-mcteer,0,0,1
2003915-minehan,0,0,1
2003915-moskow,0,0,1
2003915-olson,0,1,0
2003915-parry,0,0,1
2003915-pianalto,0,0,1
2003915-poole,0,0,1
2003915-reinhart,1,0,0
2003915-santomero,0,0,1
2003915-stern,0,0,1
2003915-stewart,1,0,0
2003915-stockton,1,0,0
2003916-bernanke,0,1,0
2003916-bernard,1,0,0
2003916-bies,0,0,1
2003916-broaddus,0,0,1
2003916-ferguson,0,1,0
2003916-gramlich,0,1,0
2003916-greenspan,0,1,0
2003916-guynn,0,0,1
2003916-hoenig,0,0,1
2003916-johnson,0,1,0
2003916-kohn,0,1,0
2003916-mcteer,0,0,1
2003916-minehan,0,0,1
2003916-moskow,0,0,1
2003916-olson,0,1,0
2003916-parry,0,0,1
2003916-pianalto,0,0,1
2003916-poole,0,0,1
2003916-reinhart,1,0,0
2003916-santomero,0,0,1
2003916-stern,0,0,1
2003916-stewart,1,0,0
2003916-stockton,1,0,0
20041110-bernanke,0,1,0
20041110-bies,0,0,1
20041110-danker,1,0,0
20041110-ferguson,0,1,0
20041110-geithner,0,0,1
20041110-gramlich,0,1,0
20041110-greenspan,0,1,0
20041110-guynn,0,0,1
20041110-hoenig,0,0,1
20041110-holcomb,1,0,0
20041110-johnson,0,1,0
20041110-kohn,0,1,0
20041110-lacker,0,0,1
20041110-minehan,0,0,1
20041110-moskow,0,0,1
20041110-olson,0,1,0
20041110-pianalto,0,0,1
20041110-poole,0,0,1
20041110-reinhart,1,0,0
20041110-santomero,0,0,1
20041110-stern,0,0,1
20041110-stockton,1,0,0
20041110-yellen,0,0,1
20041214-bernanke,0,1,0
20041214-bies,0,0,1
20041214-danker,1,0,0
20041214-ferguson,0,1,0
20041214-geithner,0,0,1
20041214-gramlich,0,1,0
20041214-greenspan,0,1,0
20041214-guynn,0,0,1
20041214-hoenig,0,0,1
20041214-holcomb,1,0,0
20041214-johnson,0,1,0
20041214-kohn,0,1,0
20041214-lacker,0,0,1
20041214-madigan,1,0,0
20041214-minehan,0,0,1
20041214-moskow,0,0,1
20041214-olson,0,1,0
20041214-pianalto,0,0,1
20041214-poole,0,0,1
20041214-santomero,0,0,1
20041214-stern,0,0,1
20041214-stockton,1,0,0
20041214-yellen,0,0,1
2004127-bernanke,0,1,0
2004127-bernard,1,0,0
2004127-bies,0,0,1
2004127-broaddus,0,0,1
2004127-ferguson,0,1,0
2004127-geithner,0,0,1
2004127-gramlich,0,1,0
2004127-greenspan,0,1,0
2004127-guynn,0,0,1
2004127-hoenig,0,0,1
2004127-kamin,1,0,0
2004127-kohn,0,1,0
2004127-mcteer,0,0,1
2004127-minehan,0,0,1
2004127-moskow,0,0,1
2004127-olson,0,1,0
2004127-parry,0,0,1
2004127-pianalto,0,0,1
2004127-poole,0,0,1
2004127-reinhart,1,0,0
2004127-santomero,0,0,1
2004127-slifman,1,0,0
2004127-stern,0,0,1
2004127-stockton,1,0,0
2004127-struckmeyer,1,0,0
2004316-bernanke,0,1,0
2004316-bernard,1,0,0
2004316-bies,0,0,1
2004316-broaddus,0,0,1
2004316-ferguson,0,1,0
2004316-geithner,0,0,1
2004316-gramlich,0,1,0
2004316-greenspan,0,1,0
2004316-guynn,0,0,1
2004316-hoenig,0,0,1
2004316-johnson,0,1,0
2004316-kohn,0,1,0
2004316-mcteer,0,0,1
2004316-minehan,0,0,1
2004316-moskow,0,0,1
2004316-olson,0,1,0
2004316-parry,0,0,1
2004316-pianalto,0,0,1
2004316-poole,0,0,1
2004316-reinhart,1,0,0
2004316-santomero,0,0,1
2004316-stern,0,0,1
2004316-stockton,1,0,0
200454-bernanke,0,1,0
200454-bernard,1,0,0
200454-bies,0,0,1
200454-broaddus,0,0,1
200454-ferguson,0,1,0
200454-geithner,0,0,1
200454-gramlich,0,1,0
200454-greenspan,0,1,0
200454-guynn,0,0,1
200454-hoenig,0,0,1
200454-johnson,0,1,0
200454-kohn,0,1,0
200454-kos,1,0,0
200454-mcteer,0,0,1
200454-minehan,0,0,1
200454-moore,1,0,0
200454-moskow,0,0,1
200454-olson,0,1,0
200454-pianalto,0,0,1
200454-poole,0,0,1
200454-reinhart,1,0,0
200454-santomero,0,0,1
200454-stern,0,0,1
200454-stockton,1,0,0
2004629-bernanke,0,1,0
2004629-bernard,1,0,0
2004629-bies,0,0,1
2004629-ferguson,0,1,0
2004629-geithner,0,0,1
2004629-gramlich,0,1,0
2004629-greenspan,0,1,0
2004629-guynn,0,0,1
2004629-hoenig,0,0,1
2004629-kohn,0,1,0
2004629-lacker,0,0,1
2004629-mcteer,0,0,1
2004629-minehan,0,0,1
2004629-moskow,0,0,1
2004629-oliner,1,0,0
2004629-olson,0,1,0
2004629-pianalto,0,0,1
2004629-poole,0,0,1
2004629-reinhart,1,0,0
2004629-santomero,0,0,1
2004629-sheets,1,0,0
2004629-stern,0,0,1
2004629-stockton,1,0,0
2004629-wilcox,1,0,0
2004629-yellen,0,0,1
2004810-bernanke,0,1,0
2004810-bernard,1,0,0
2004810-bies,0,0,1
2004810-ferguson,0,1,0
2004810-geithner,0,0,1
2004810-gramlich,0,1,0
2004810-greenspan,0,1,0
2004810-guynn,0,0,1
2004810-hoenig,0,0,1
2004810-johnson,0,1,0
2004810-kohn,0,1,0
2004810-lacker,0,0,1
2004810-madigan,1,0,0
2004810-mcteer,0,0,1
2004810-minehan,0,0,1
2004810-moskow,0,0,1
2004810-olson,0,1,0
2004810-pianalto,0,0,1
2004810-poole,0,0,1
2004810-reinhart,1,0,0
2004810-santomero,0,0,1
2004810-stern,0,0,1
2004810-wilcox,1,0,0
2004810-yellen,0,0,1
2004921-bernanke,0,1,0
2004921-bernard,1,0,0
2004921-bies,0,0,1
2004921-ferguson,0,1,0
2004921-geithner,0,0,1
2004921-gramlich,0,1,0
2004921-greenspan,0,1,0
2004921-guynn,0,0,1
2004921-hoenig,0,0,1
2004921-johnson,0,1,0
2004921-kohn,0,1,0
2004921-lacker,0,0,1
2004921-mcteer,0,0,1
2004921-minehan,0,0,1
2004921-moskow,0,0,1
2004921-olson,0,1,0
2004921-pianalto,0,0,1
2004921-poole,0,0,1
2004921-reinhart,1,0,0
2004921-santomero,0,0,1
2004921-stern,0,0,1
2004921-stockton,1,0,0
2004921-yellen,0,0,1
2005111-bies,0,0,1
2005111-danker,1,0,0
2005111-ferguson,0,1,0
2005111-fisher,0,0,1
2005111-geithner,0,0,1
2005111-greenspan,0,1,0
2005111-guynn,0,0,1
2005111-hoenig,0,0,1
2005111-johnson,0,1,0
2005111-kohn,0,1,0
2005111-kos,1,0,0
2005111-lacker,0,0,1
2005111-minehan,0,0,1
2005111-moskow,0,0,1
2005111-olson,0,1,0
2005111-pianalto,0,0,1
2005111-poole,0,0,1
2005111-reinhart,1,0,0
2005111-santomero,0,0,1
2005111-stern,0,0,1
2005111-stockton,1,0,0
2005111-yellen,0,0,1
20051213-bies,0,0,1
20051213-danker,1,0,0
20051213-ferguson,0,1,0
20051213-fisher,0,0,1
20051213-geithner,0,0,1
20051213-greenspan,0,1,0
20051213-guynn,0,0,1
20051213-hoenig,0,0,1
20051213-johnson,0,1,0
20051213-kohn,0,1,0
20051213-lacker,0,0,1
20051213-madigan,1,0,0
20051213-minehan,0,0,1
20051213-moskow,0,0,1
20051213-olson,0,1,0
20051213-pianalto,0,0,1
20051213-poole,0,0,1
20051213-santomero,0,0,1
20051213-stern,0,0,1
20051213-stockton,1,0,0
20051213-yellen,0,0,1
200521-bernanke,0,1,0
200521-bies,0,0,1
200521-danker,1,0,0
200521-ferguson,0,1,0
200521-geithner,0,0,1
200521-gramlich,0,1,0
200521-greenspan,0,1,0
200521-guynn,0,0,1
200521-hoenig,0,0,1
200521-holcomb,1,0,0
200521-johnson,0,1,0
200521-kohn,0,1,0
200521-lacker,0,0,1
200521-minehan,0,0,1
200521-moskow,0,0,1
200521-olson,0,1,0
200521-pianalto,0,0,1
200521-poole,0,0,1
200521-reinhart,1,0,0
200521-santomero,0,0,1
200521-slifman,1,0,0
200521-stern,0,0,1
200521-struckmeyer,1,0,0
200521-yellen,0,0,1
2005322-bernanke,0,1,0
2005322-bies,0,0,1
2005322-ferguson,0,1,0
2005322-geithner,0,0,1
2005322-gramlich,0,1,0
2005322-greenspan,0,1,0
2005322-guynn,0,0,1
2005322-hoenig,0,0,1
2005322-holcomb,1,0,0
2005322-johnson,0,1,0
2005322-kohn,0,1,0
2005322-kos,1,0,0
2005322-lacker,0,0,1
2005322-minehan,0,0,1
2005322-moskow,0,0,1
2005322-oliner,1,0,0
2005322-olson,0,1,0
2005322-pianalto,0,0,1
2005322-poole,0,0,1
2005322-reinhart,1,0,0
2005322-santomero,0,0,1
2005322-smith,1,0,0
2005322-stern,0,0,1
2005322-stockton,1,0,0
2005322-yellen,0,0,1
200553-bies,0,0,1
200553-danker,1,0,0
200553-ferguson,0,1,0
200553-fisher,0,0,1
200553-geithner,0,0,1
200553-gramlich,0,1,0
200553-greenspan,0,1,0
200553-guynn,0,0,1
200553-hoenig,0,0,1
200553-johnson,0,1,0
200553-kohn,0,1,0
200553-lacker,0,0,1
200553-minehan,0,0,1
200553-moskow,0,0,1
200553-olson,0,1,0
200553-pianalto,0,0,1
200553-poole,0,0,1
200553-reinhart,1,0,0
200553-santomero,0,0,1
200553-stern,0,0,1
200553-stockton,1,0,0
200553-yellen,0,0,1
2005629-bies,0,0,1
2005629-danker,1,0,0
2005629-ferguson,0,1,0
2005629-fisher,0,0,1
2005629-geithner,0,0,1
2005629-gramlich,0,1,0
2005629-greenspan,0,1,0
2005629-guynn,0,0,1
2005629-hoenig,0,0,1
2005629-johnson,0,1,0
2005629-kohn,0,1,0
2005629-lacker,0,0,1
2005629-leahy,1,0,0
2005629-minehan,0,0,1
2005629-moskow,0,0,1
2005629-oliner,1,0,0
2005629-olson,0,1,0
2005629-pianalto,0,0,1
2005629-poole,0,0,1
2005629-reinhart,1,0,0
2005629-santomero,0,0,1
2005629-stern,0,0,1
2005629-stockton,1,0,0
2005629-wilcox,1,0,0
2005629-yellen,0,0,1
200589-bies,0,0,1
200589-danker,1,0,0
200589-ferguson,0,1,0
200589-fisher,0,0,1
200589-geithner,0,0,1
200589-greenspan,0,1,0
200589-guynn,0,0,1
200589-hoenig,0,0,1
200589-johnson,0,1,0
200589-kohn,0,1,0
200589-lacker,0,0,1
200589-madigan,1,0,0
200589-minehan,0,0,1
200589-moskow,0,0,1
200589-olson,0,1,0
200589-pianalto,0,0,1
200589-poole,0,0,1
200589-santomero,0,0,1
200589-stern,0,0,1
200589-struckmeyer,1,0,0
200589-wilcox,1,0,0
200589-yellen,0,0,1
2005920-bies,0,0,1
2005920-danker,1,0,0
2005920-ferguson,0,1,0
2005920-fisher,0,0,1
2005920-geithner,0,0,1
2005920-greenspan,0,1,0
2005920-guynn,0,0,1
2005920-hoenig,0,0,1
2005920-johnson,0,1,0
2005920-kohn,0,1,0
2005920-lacker,0,0,1
2005920-minehan,0,0,1
2005920-moskow,0,0,1
2005920-olson,0,1,0
2005920-pianalto,0,0,1
2005920-poole,0,0,1
2005920-reinhart,1,0,0
2005920-santomero,0,0,1
2005920-stern,0,0,1
2005920-stockton,1,0,0
2005920-yellen,0,0,1
2006131-bies,0,0,1
2006131-ferguson,0,1,0
2006131-fisher,0,0,1
2006131-geithner,0,0,1
2006131-greenspan,0,1,0
2006131-guynn,0,0,1
2006131-hoenig,0,0,1
2006131-kohn,0,1,0
2006131-lacker,0,0,1
2006131-minehan,0,0,1
2006131-moskow,0,0,1
2006131-olson,0,1,0
2006131-pianalto,0,0,1
2006131-poole,0,0,1
2006131-reinhart,1,0,0
2006131-santomero,0,0,1
2006131-sheets,1,0,0
2006131-stern,0,0,1
2006131-stockton,1,0,0
2006131-struckmeyer,1,0,0
2006131-yellen,0,0,1
